Date,Hurst Exponent,label,Open,High,Low,Close,Adj Close,Volume
2008-03-31,0.7362541624991694,1,1315.9200439453125,1328.52001953125,1312.81005859375,1322.699951171875,1322.699951171875,4188990000.0
2008-04-15,0.7445471473443703,1,1331.719970703125,1337.719970703125,1324.3499755859375,1334.4300537109375,1334.4300537109375,3581230000.0
2008-04-30,0.7501499834037011,1,1391.219970703125,1404.5699462890625,1384.25,1385.5899658203125,1385.5899658203125,4508890000.0
2008-05-15,0.7544607958502507,1,1408.3599853515625,1424.4000244140625,1406.8699951171875,1423.5699462890625,1423.5699462890625,3836480000.0
2008-05-30,0.756937318357063,1,1398.3599853515625,1404.4599609375,1398.0799560546875,1400.3800048828125,1400.3800048828125,3845630000.0
2008-06-13,0.757573612031857,1,1341.81005859375,1360.030029296875,1341.7099609375,1360.030029296875,1360.030029296875,4080420000.0
2008-06-30,0.7567235284695545,1,1278.06005859375,1290.31005859375,1274.8599853515625,1280.0,1280.0,5032330000.0
2008-07-15,0.7549968687973374,1,1226.8299560546875,1234.3499755859375,1200.43994140625,1214.9100341796875,1214.9100341796875,7363640000.0
2008-07-31,0.752057147844995,1,1281.3699951171875,1284.9300537109375,1265.969970703125,1267.3800048828125,1267.3800048828125,5346050000.0
2008-08-15,0.7535079805954618,1,1293.8499755859375,1302.050048828125,1290.739990234375,1298.199951171875,1298.199951171875,4041820000.0
2008-08-29,0.7543198354374976,1,1296.489990234375,1297.5899658203125,1282.739990234375,1282.8299560546875,1282.8299560546875,3288120000.0
2008-09-15,0.752305060759849,1,1250.9200439453125,1250.9200439453125,1192.699951171875,1192.699951171875,1192.699951171875,8279510000.0
2008-09-30,0.7455243972357272,1,1113.780029296875,1168.030029296875,1113.780029296875,1166.3599853515625,1166.3599853515625,4937680000.0
2008-10-15,0.7192475507673793,1,994.5999755859376,994.5999755859376,903.989990234375,907.8400268554688,907.8400268554688,6542330000.0
2008-10-31,0.7133145998068171,1,953.1099853515624,984.3800048828124,944.5900268554688,968.75,968.75,6394350000.0
2008-11-14,0.6784099889930971,1,904.3599853515624,916.8800048828124,869.8800048828125,873.2899780273438,873.2899780273438,5881030000.0
2008-11-28,0.6621526750157541,1,886.8900146484375,896.25,881.2100219726562,896.239990234375,896.239990234375,2740860000.0
2008-12-15,0.6811698018144028,1,881.0700073242188,884.6300048828125,857.719970703125,868.5700073242188,868.5700073242188,4982390000.0
2008-12-31,0.6960150301484374,1,890.5900268554688,910.3200073242188,889.6699829101562,903.25,903.25,4172940000.0
2009-01-15,0.7111207109785551,1,841.989990234375,851.5900268554688,817.0399780273438,843.739990234375,843.739990234375,7807350000.0
2009-01-30,0.7183328857791655,1,845.6900024414062,851.6599731445312,821.6699829101562,825.8800048828125,825.8800048828125,5350580000.0
2009-02-13,0.7282929752745356,1,833.9500122070312,839.4299926757812,825.2100219726562,826.8400268554688,826.8400268554688,5296650000.0
2009-02-27,0.7370503880135095,1,749.9299926757812,751.27001953125,734.52001953125,735.0900268554688,735.0900268554688,8926480000.0
2009-03-13,0.743784514246704,1,751.969970703125,758.2899780273438,742.4600219726562,756.5499877929688,756.5499877929688,6787090000.0
2009-03-31,0.7486143109723599,1,790.8800048828125,810.47998046875,790.8800048828125,797.8699951171875,797.8699951171875,6089100000.0
2009-04-15,0.7495446685719105,1,839.4400024414062,852.9299926757812,835.5800170898438,852.0599975585938,852.0599975585938,6241100000.0
2009-04-30,0.7448157369031678,1,876.5900268554688,888.7000122070312,868.510009765625,872.8099975585938,872.8099975585938,6862540000.0
2009-05-15,0.7457725276627742,1,892.760009765625,896.969970703125,878.9400024414062,882.8800048828125,882.8800048828125,5439720000.0
2009-05-29,0.7425756907587436,1,907.02001953125,920.02001953125,903.5599975585938,919.1400146484376,919.1400146484376,6050420000.0
2009-06-15,0.7373277149661476,1,942.4500122070312,942.4500122070312,919.6500244140624,923.719970703125,923.719970703125,4697880000.0
2009-06-30,0.7331525016420498,1,927.1500244140624,930.010009765625,912.8599853515624,919.3200073242188,919.3200073242188,4627570000.0
2009-07-15,0.7299876998414135,1,910.1500244140624,933.9500122070312,910.1500244140624,932.6799926757812,932.6799926757812,5238830000.0
2009-07-31,0.7281206505531097,1,986.7999877929688,993.1799926757812,982.8499755859376,987.47998046875,987.47998046875,5139070000.0
2009-08-14,0.7177407428126876,1,1012.22998046875,1012.5999755859376,994.5999755859376,1004.0900268554688,1004.0900268554688,4940750000.0
2009-08-31,0.7107675951354768,1,1025.2099609375,1025.2099609375,1014.6199951171876,1020.6199951171876,1020.6199951171876,5004560000.0
2009-09-15,0.7068954137754798,1,1049.030029296875,1056.0400390625,1043.4200439453125,1052.6300048828125,1052.6300048828125,6185620000.0
2009-09-30,0.7050178380644985,1,1061.02001953125,1063.4000244140625,1046.469970703125,1057.0799560546875,1057.0799560546875,5998860000.0
2009-10-15,0.7042457755379438,1,1090.3599853515625,1096.56005859375,1086.4100341796875,1096.56005859375,1096.56005859375,5369780000.0
2009-10-30,0.7047077832776183,1,1065.4100341796875,1065.4100341796875,1033.3800048828125,1036.18994140625,1036.18994140625,6512420000.0
2009-11-13,0.6982045848876934,1,1087.5899658203125,1097.7900390625,1085.3299560546875,1093.47998046875,1093.47998046875,3792610000.0
2009-11-30,0.6959544873889905,1,1091.0699462890625,1097.239990234375,1086.25,1095.6300048828125,1095.6300048828125,3895520000.0
2009-12-15,0.6958546367331192,1,1114.1099853515625,1114.1099853515625,1105.3499755859375,1107.9300537109375,1107.9300537109375,5045100000.0
2009-12-31,0.6979828257731631,1,1126.5999755859375,1127.6400146484375,1114.81005859375,1115.0999755859375,1115.0999755859375,2076990000.0
2010-01-15,0.7169111782848775,1,1147.719970703125,1147.77001953125,1131.3900146484375,1136.030029296875,1136.030029296875,4758730000.0
2010-01-29,0.7184395365214664,1,1087.6099853515625,1096.449951171875,1071.5899658203125,1073.8699951171875,1073.8699951171875,5412850000.0
2010-02-12,0.7125161184673676,1,1075.949951171875,1077.81005859375,1062.969970703125,1075.510009765625,1075.510009765625,4160680000.0
2010-02-26,0.7122427910289953,1,1103.0999755859375,1107.239990234375,1097.56005859375,1104.489990234375,1104.489990234375,3945190000.0
2010-03-15,0.708684976055611,1,1148.530029296875,1150.97998046875,1141.449951171875,1150.510009765625,1150.510009765625,4164110000.0
2010-03-31,0.7059142198865985,1,1171.75,1174.56005859375,1165.77001953125,1169.4300537109375,1169.4300537109375,4484340000.0
2010-04-15,0.6993650675272377,1,1210.77001953125,1213.9200439453125,1208.5,1211.6700439453125,1211.6700439453125,5995330000.0
2010-04-30,0.7015143850217617,1,1206.77001953125,1207.989990234375,1186.3199462890625,1186.68994140625,1186.68994140625,6048260000.0
2010-05-14,0.6846914363735015,1,1157.18994140625,1157.18994140625,1126.1400146484375,1135.6800537109375,1135.6800537109375,6126400000.0
2010-05-28,0.6715533376134414,1,1102.5899658203125,1102.5899658203125,1084.780029296875,1089.4100341796875,1089.4100341796875,4871210000.0
2010-06-15,0.6671795683959784,1,1091.2099609375,1115.5899658203125,1091.2099609375,1115.22998046875,1115.22998046875,4644490000.0
2010-06-30,0.6579762423218639,1,1040.56005859375,1048.0799560546875,1028.3299560546875,1030.7099609375,1030.7099609375,5067080000.0
2010-07-15,0.6536683114994674,1,1094.4599609375,1098.6600341796875,1080.530029296875,1096.47998046875,1096.47998046875,4552470000.0
2010-07-30,0.6563026319180084,1,1098.43994140625,1106.43994140625,1088.010009765625,1101.5999755859375,1101.5999755859375,4006450000.0
2010-08-13,0.6688271439867024,1,1082.219970703125,1086.25,1079.0,1079.25,1079.25,3328890000.0
2010-08-31,0.6656595188546632,1,1046.8800048828125,1055.1400146484375,1040.8800048828125,1049.3299560546875,1049.3299560546875,4038770000.0
2010-09-15,0.6350882153782171,1,1119.4300537109375,1126.4599609375,1114.6300048828125,1125.0699462890625,1125.0699462890625,3369840000.0
2010-09-30,0.609070486440111,-1,1145.969970703125,1157.1600341796875,1136.0799560546875,1141.199951171875,1141.199951171875,4284160000.0
2010-10-15,0.6040553339727133,-1,1177.469970703125,1181.199951171875,1167.1199951171875,1176.18994140625,1176.18994140625,5724910000.0
2010-10-29,0.6095191343957042,-1,1183.8699951171875,1185.4599609375,1179.699951171875,1183.260009765625,1183.260009765625,3537880000.0
2010-11-15,0.5845575494796885,-1,1200.43994140625,1207.4300537109375,1197.1500244140625,1197.75,1197.75,3503370000.0
2010-11-30,0.5670361580239698,-1,1182.9599609375,1187.4000244140625,1174.1400146484375,1180.550048828125,1180.550048828125,4284700000.0
2010-12-15,0.5367760906259353,-1,1241.5799560546875,1244.25,1234.010009765625,1235.22998046875,1235.22998046875,4407340000.0
2010-12-31,0.5202412034485528,-1,1256.760009765625,1259.3399658203125,1254.18994140625,1257.6400146484375,1257.6400146484375,1799770000.0
2011-01-14,0.5298627604025062,-1,1282.9000244140625,1293.239990234375,1281.239990234375,1293.239990234375,1293.239990234375,4661590000.0
2011-01-31,0.5360256834943938,-1,1276.5,1287.1700439453125,1276.5,1286.1199951171875,1286.1199951171875,4167160000.0
2011-02-15,0.4716338387669744,-1,1330.4300537109375,1330.4300537109375,1324.6099853515625,1328.010009765625,1328.010009765625,3926860000.0
2011-02-28,0.43409451511913405,-1,1321.6099853515625,1329.3800048828125,1320.550048828125,1327.219970703125,1327.219970703125,1252850000.0
2011-03-15,0.41613968614631075,-1,1288.4599609375,1288.4599609375,1261.1199951171875,1281.8699951171875,1281.8699951171875,5201400000.0
2011-03-31,0.4581034026316663,-1,1327.43994140625,1329.77001953125,1325.030029296875,1325.8299560546875,1325.8299560546875,3566270000.0
2011-04-15,0.4876142556133821,-1,1314.5400390625,1322.8800048828125,1313.6800537109375,1319.6800537109375,1319.6800537109375,4223740000.0
2011-04-29,0.5188654698151006,-1,1360.1400146484375,1364.56005859375,1358.68994140625,1363.6099853515625,1363.6099853515625,3479070000.0
2011-05-13,0.5323027576095277,-1,1348.68994140625,1350.469970703125,1333.3599853515625,1337.77001953125,1337.77001953125,3426660000.0
2011-05-31,0.5551203753034106,-1,1331.0999755859375,1345.199951171875,1331.0999755859375,1345.199951171875,1345.199951171875,4696240000.0
2011-06-15,0.5468918006892641,-1,1287.8699951171875,1287.8699951171875,1261.9000244140625,1265.4200439453125,1265.4200439453125,4070500000.0
2011-06-30,0.54700848456606,-1,1307.6400146484375,1321.969970703125,1307.6400146484375,1320.6400146484375,1320.6400146484375,4200500000.0
2011-07-15,0.5483248109759045,-1,1308.8699951171875,1317.699951171875,1307.52001953125,1316.1400146484375,1316.1400146484375,4242760000.0
2011-07-29,0.5535322838008807,-1,1300.1199951171875,1304.1600341796875,1282.8599853515625,1292.280029296875,1292.280029296875,5061190000.0
2011-08-15,0.555458440376456,-1,1178.8599853515625,1204.489990234375,1178.8599853515625,1204.489990234375,1204.489990234375,4272850000.0
2011-08-31,0.5494369591715923,-1,1213.0,1230.7099609375,1209.3499755859375,1218.8900146484375,1218.8900146484375,5267840000.0
2011-09-15,0.5699889061269707,-1,1189.43994140625,1209.1099853515625,1189.43994140625,1209.1099853515625,1209.1099853515625,4479730000.0
2011-09-30,0.5853359729299297,-1,1159.9300537109375,1159.9300537109375,1131.3399658203125,1131.4200439453125,1131.4200439453125,4416790000.0
2011-10-14,0.5929827898345192,-1,1205.6500244140625,1224.6099853515625,1205.6500244140625,1224.5799560546875,1224.5799560546875,4116690000.0
2011-10-31,0.5785976337245865,-1,1284.9599609375,1284.9599609375,1253.1600341796875,1253.300048828125,1253.300048828125,4310210000.0
2011-11-15,0.5786121672165663,-1,1251.699951171875,1264.25,1244.3399658203125,1257.81005859375,1257.81005859375,3599300000.0
2011-11-30,0.5791672913495589,-1,1196.719970703125,1247.1099853515625,1196.719970703125,1246.9599609375,1246.9599609375,5801910000.0
2011-12-15,0.5990681531040927,-1,1212.1199951171875,1225.5999755859375,1212.1199951171875,1215.75,1215.75,3810340000.0
2011-12-30,0.5999157075380437,-1,1262.8199462890625,1264.1199951171875,1257.4599609375,1257.5999755859375,1257.5999755859375,2271850000.0
2012-01-13,0.5797150932260177,-1,1294.8199462890625,1294.8199462890625,1277.5799560546875,1289.0899658203125,1289.0899658203125,3692370000.0
2012-01-31,0.5772688009586232,-1,1313.530029296875,1321.4100341796875,1306.68994140625,1312.4100341796875,1312.4100341796875,4235550000.0
2012-02-15,0.5800437481101349,-1,1350.52001953125,1355.8699951171875,1340.800048828125,1343.22998046875,1343.22998046875,4080340000.0
2012-02-29,0.6039086518851637,-1,1372.199951171875,1378.0400390625,1363.81005859375,1365.6800537109375,1365.6800537109375,4482370000.0
2012-03-15,0.6122546938789097,-1,1394.1700439453125,1402.6300048828125,1392.780029296875,1402.5999755859375,1402.5999755859375,4271650000.0
2012-03-30,0.614436646500773,-1,1403.31005859375,1410.8900146484375,1401.4200439453125,1408.469970703125,1408.469970703125,3676890000.0
2012-04-13,0.6141641215643685,-1,1387.6099853515625,1387.6099853515625,1369.8499755859375,1370.260009765625,1370.260009765625,3631160000.0
2012-04-30,0.6140448522714888,-1,1403.260009765625,1403.260009765625,1394.0,1397.9100341796875,1397.9100341796875,3574010000.0
2012-05-15,0.5950369406987935,-1,1338.3599853515625,1344.93994140625,1328.4100341796875,1330.6600341796875,1330.6600341796875,4114040000.0
2012-05-31,0.5738916643549381,-1,1313.0899658203125,1319.739990234375,1298.9000244140625,1310.3299560546875,1310.3299560546875,4557620000.0
2012-06-14,0.5811364958043419,-1,1314.8800048828125,1333.6800537109375,1314.1400146484375,1329.0999755859375,1329.0999755859375,3687720000.0
2012-06-28,0.5775206541654732,-1,1331.52001953125,1331.52001953125,1313.2900390625,1329.0400390625,1329.0400390625,3969370000.0
2012-07-12,0.5720451427840766,-1,1341.2900390625,1341.2900390625,1325.4100341796875,1334.760009765625,1334.760009765625,3654440000.0
2012-07-26,0.5707453938532084,-1,1338.1700439453125,1363.1300048828125,1338.1700439453125,1360.02001953125,1360.02001953125,4429300000.0
2012-08-09,0.568924241937981,-1,1402.260009765625,1405.949951171875,1398.800048828125,1402.800048828125,1402.800048828125,3119610000.0
2012-08-23,0.5602290591622962,-1,1413.489990234375,1413.489990234375,1400.5,1402.0799560546875,1402.0799560546875,3008240000.0
2012-09-06,0.567725363934906,-1,1403.739990234375,1432.1199951171875,1403.739990234375,1432.1199951171875,1432.1199951171875,3952870000.0
2012-09-20,0.5644579986556457,-1,1461.050048828125,1461.22998046875,1449.97998046875,1460.260009765625,1460.260009765625,3382520000.0
2012-10-04,0.5616097154960127,-1,1451.0799560546875,1463.1400146484375,1451.0799560546875,1461.4000244140625,1461.4000244140625,3615860000.0
2012-10-18,0.5578106633835486,-1,1460.93994140625,1464.02001953125,1452.6300048828125,1457.3399658203125,1457.3399658203125,3880030000.0
2012-11-01,0.5265708564693917,-1,1412.199951171875,1428.3499755859375,1412.199951171875,1427.5899658203125,1427.5899658203125,3929890000.0
2012-11-15,0.5441783611053665,-1,1355.4100341796875,1360.6199951171875,1348.050048828125,1353.3299560546875,1353.3299560546875,3928870000.0
2012-11-29,0.5277241249219184,-1,1409.9599609375,1419.699951171875,1409.0400390625,1415.949951171875,1415.949951171875,3356850000.0
2012-12-13,0.5252625878719583,-1,1428.47998046875,1431.3599853515625,1416.0,1419.449951171875,1419.449951171875,3349960000.0
2012-12-27,0.5712280912658503,-1,1419.8299560546875,1422.800048828125,1401.800048828125,1418.0999755859375,1418.0999755859375,2830180000.0
2013-01-10,0.636680539496159,1,1461.02001953125,1472.300048828125,1461.02001953125,1472.1199951171875,1472.1199951171875,4081840000.0
2013-01-24,0.5928509807033739,-1,1494.81005859375,1502.27001953125,1489.4599609375,1494.8199462890625,1494.8199462890625,3699430000.0
2013-02-07,0.5614558714612663,-1,1512.1199951171875,1512.9000244140625,1498.489990234375,1509.3900146484375,1509.3900146484375,3614580000.0
2013-02-21,0.5614399124706412,-1,1511.949951171875,1511.949951171875,1497.2900390625,1502.4200439453125,1502.4200439453125,4274600000.0
2013-03-07,0.5660631383361188,-1,1541.4599609375,1545.780029296875,1541.4599609375,1544.260009765625,1544.260009765625,3634710000.0
2013-03-21,0.5359937662920361,-1,1558.7099609375,1558.7099609375,1543.550048828125,1545.800048828125,1545.800048828125,3243270000.0
2013-04-04,0.5453838787042895,-1,1553.68994140625,1562.5999755859375,1552.52001953125,1559.97998046875,1559.97998046875,3350670000.0
2013-04-18,0.5356315446361365,-1,1552.030029296875,1554.3800048828125,1536.030029296875,1541.6099853515625,1541.6099853515625,3890800000.0
2013-05-02,0.5374965078939067,-1,1582.77001953125,1598.5999755859375,1582.77001953125,1597.5899658203125,1597.5899658203125,3366950000.0
2013-05-16,0.5204945475973568,-1,1658.0699462890625,1660.510009765625,1648.5999755859375,1650.469970703125,1650.469970703125,3513130000.0
2013-05-30,0.5240664946768965,-1,1649.1400146484375,1661.9100341796875,1648.6099853515625,1654.4100341796875,1654.4100341796875,3498620000.0
2013-06-13,0.5117036151538226,-1,1612.1500244140625,1639.25,1608.0699462890625,1636.3599853515625,1636.3599853515625,3378620000.0
2013-06-27,0.5725576879227403,-1,1606.43994140625,1620.0699462890625,1606.43994140625,1613.199951171875,1613.199951171875,3364540000.0
2013-07-11,0.5602924329025548,-1,1657.4100341796875,1676.6300048828125,1657.4100341796875,1675.02001953125,1675.02001953125,3446340000.0
2013-07-25,0.5685677714003685,-1,1685.2099609375,1690.93994140625,1680.0699462890625,1690.25,1690.25,3322500000.0
2013-08-08,0.5716215724169529,-1,1693.3499755859375,1700.1800537109375,1688.3800048828125,1697.47998046875,1697.47998046875,3271660000.0
2013-08-22,0.5096304461774259,-1,1645.030029296875,1659.550048828125,1645.030029296875,1656.9599609375,1656.9599609375,2537460000.0
2013-09-05,0.47423135747207684,-1,1653.280029296875,1659.1700439453125,1653.0699462890625,1655.0799560546875,1655.0799560546875,2957110000.0
2013-09-19,0.48544740661972746,-1,1727.3399658203125,1729.8599853515625,1720.199951171875,1722.3399658203125,1722.3399658203125,3740130000.0
2013-10-03,0.47501677987865354,-1,1692.3499755859375,1692.3499755859375,1670.3599853515625,1678.6600341796875,1678.6600341796875,3279650000.0
2013-10-17,0.5252397320012051,-1,1720.1700439453125,1733.449951171875,1714.1199951171875,1733.1500244140625,1733.1500244140625,3453590000.0
2013-10-31,0.5430413535063772,-1,1763.239990234375,1768.530029296875,1755.719970703125,1756.5400390625,1756.5400390625,3826530000.0
2013-11-14,0.5112251282310257,-1,1782.75,1791.530029296875,1780.219970703125,1790.6199951171875,1790.6199951171875,3139060000.0
2013-11-27,0.438537610825004,-1,1803.47998046875,1808.27001953125,1802.77001953125,1807.22998046875,1807.22998046875,2613590000.0
2013-12-12,0.4222550113356009,-1,1781.7099609375,1782.989990234375,1772.280029296875,1775.5,1775.5,3306640000.0
2013-12-26,0.43560024917236784,-1,1834.9599609375,1842.8399658203125,1834.9599609375,1842.02001953125,1842.02001953125,1982270000.0
2014-01-23,0.45051982463278784,-1,1842.2900390625,1842.2900390625,1820.06005859375,1828.4599609375,1828.4599609375,3972250000.0
2014-02-06,0.504239426898718,-1,1752.989990234375,1774.06005859375,1752.989990234375,1773.4300537109375,1773.4300537109375,3825410000.0
2014-02-20,0.52709737270148,-1,1829.239990234375,1842.7900390625,1824.5799560546875,1839.780029296875,1839.780029296875,3404980000.0
2014-03-06,0.5428111123284919,-1,1874.1800537109373,1881.93994140625,1874.1800537109373,1877.030029296875,1877.030029296875,3360450000.0
2014-03-20,0.5502286556507952,-1,1860.0899658203125,1873.489990234375,1854.6300048828125,1872.010009765625,1872.010009765625,3327540000.0
2014-04-03,0.5475851905873912,-1,1891.4300537109373,1893.800048828125,1882.6500244140625,1888.77001953125,1888.77001953125,3055600000.0
2014-04-17,0.5418598539630289,-1,1861.72998046875,1869.6300048828125,1856.719970703125,1864.8499755859373,1864.8499755859373,3341430000.0
2014-04-24,0.5740832908263778,-1,1881.969970703125,1884.06005859375,1870.239990234375,1878.6099853515625,1878.6099853515625,3191830000.0
2014-05-01,0.6074150181136025,-1,1884.3900146484373,1888.5899658203125,1878.0400390625,1883.6800537109373,1883.6800537109373,3416740000.0
2014-05-08,0.628241339401965,1,1877.3900146484373,1889.0699462890625,1870.050048828125,1875.6300048828125,1875.6300048828125,3393420000.0
2014-05-15,0.5993472018506519,-1,1888.1600341796875,1888.1600341796875,1862.3599853515625,1870.8499755859373,1870.8499755859373,3552640000.0
2014-05-22,0.6095595341228152,-1,1888.18994140625,1896.3299560546875,1885.3900146484373,1892.489990234375,1892.489990234375,2759800000.0
2014-05-29,0.5712297413157031,-1,1910.5999755859373,1920.030029296875,1909.8199462890625,1920.030029296875,1920.030029296875,2709050000.0
2014-06-05,0.5579045108187647,-1,1928.52001953125,1941.739990234375,1922.9300537109373,1940.4599609375,1940.4599609375,3113270000.0
2014-06-12,0.5413667543580981,-1,1943.3499755859373,1943.3499755859373,1925.780029296875,1930.1099853515625,1930.1099853515625,3040480000.0
2014-06-19,0.5223558150263983,-1,1957.5,1959.8699951171875,1952.260009765625,1959.47998046875,1959.47998046875,2952150000.0
2014-06-26,0.5115348503096407,-1,1959.8900146484373,1959.8900146484373,1944.68994140625,1957.219970703125,1957.219970703125,2778840000.0
2014-07-03,0.5155156340442129,-1,1975.8800048828125,1985.5899658203125,1975.8800048828125,1985.43994140625,1985.43994140625,1998090000.0
2014-07-10,0.5207466687329262,-1,1966.6700439453125,1969.8399658203125,1952.8599853515625,1964.6800537109373,1964.6800537109373,3165690000.0
2014-07-17,0.5238890555554818,-1,1979.75,1981.800048828125,1955.5899658203125,1958.1199951171875,1958.1199951171875,3381680000.0
2014-07-24,0.47790388545978474,-1,1988.0699462890625,1991.3900146484373,1985.7900390625,1987.97998046875,1987.97998046875,3203530000.0
2014-07-31,0.4592566156692206,-1,1965.1400146484373,1965.1400146484373,1930.6700439453125,1930.6700439453125,1930.6700439453125,4193000000.0
2014-08-07,0.4815730804071178,-1,1923.030029296875,1928.8900146484373,1904.780029296875,1909.5699462890625,1909.5699462890625,3230520000.0
2014-08-14,0.489578673322042,-1,1947.4100341796875,1955.22998046875,1947.4100341796875,1955.1800537109373,1955.1800537109373,2609460000.0
2014-08-21,0.4961915431377477,-1,1986.8199462890625,1994.760009765625,1986.8199462890625,1992.3699951171875,1992.3699951171875,2638920000.0
2014-08-28,0.513970049277808,-1,1997.4200439453125,1998.550048828125,1990.52001953125,1996.739990234375,1996.739990234375,2282400000.0
2014-09-04,0.5054928518280855,-1,2001.6700439453125,2011.1700439453125,1992.5400390625,1997.6500244140625,1997.6500244140625,3072410000.0
2014-09-10,0.4929131050162439,-1,1988.4100341796875,1996.6600341796875,1982.989990234375,1995.68994140625,1995.68994140625,2912430000.0
2014-09-17,0.47733502889042445,-1,1999.300048828125,2010.739990234375,1993.2900390625,2001.5699462890625,2001.5699462890625,3209420000.0
2014-09-24,0.4642344703505776,-1,1983.3399658203125,1999.7900390625,1978.6300048828125,1998.300048828125,1998.300048828125,3313850000.0
2014-10-01,0.4694070949964579,-1,1971.43994140625,1971.43994140625,1941.719970703125,1946.1600341796875,1946.1600341796875,4188590000.0
2014-10-08,0.48762365842232985,-1,1935.550048828125,1970.3599853515625,1925.25,1968.8900146484373,1968.8900146484373,4441890000.0
2014-10-15,0.46458066144514193,-1,1874.1800537109373,1874.1800537109373,1820.6600341796875,1862.489990234375,1862.489990234375,6090800000.0
2014-10-22,0.4372796843934134,-1,1941.2900390625,1949.31005859375,1926.8299560546875,1927.1099853515625,1927.1099853515625,3761930000.0
2014-10-29,0.42686915980624723,-1,1983.2900390625,1991.4000244140625,1969.0400390625,1982.300048828125,1982.300048828125,3740350000.0
2014-11-05,0.46070304181812805,-1,2015.2900390625,2023.77001953125,2014.4200439453125,2023.5699462890625,2023.5699462890625,3766590000.0
2014-11-12,0.41962747689943103,-1,2037.75,2040.3299560546875,2031.949951171875,2038.25,2038.25,3246650000.0
2014-11-19,0.3998333056879721,-1,2051.159912109375,2052.139892578125,2040.3699951171875,2048.719970703125,2048.719970703125,3390850000.0
2014-11-26,0.43073264337746453,-1,2067.360107421875,2073.2900390625,2066.6201171875,2072.830078125,2072.830078125,2745260000.0
2014-12-03,0.48517102139976076,-1,2067.449951171875,2076.280029296875,2066.64990234375,2074.330078125,2074.330078125,3612680000.0
2014-12-10,0.4141705948835036,-1,2058.860107421875,2058.860107421875,2024.260009765625,2026.1400146484373,2026.1400146484373,4114440000.0
2014-12-17,0.45232784616179494,-1,1973.77001953125,2016.75,1973.77001953125,2012.8900146484373,2012.8900146484373,4942370000.0
2014-12-24,0.5266681349181801,-1,2083.25,2087.56005859375,2081.860107421875,2081.8798828125,2081.8798828125,1416980000.0
2014-12-31,0.5290511612993054,-1,2082.110107421875,2085.580078125,2057.93994140625,2058.89990234375,2058.89990234375,2606070000.0
2015-01-07,0.5474064445966654,-1,2005.550048828125,2029.6099853515625,2005.550048828125,2025.9000244140625,2025.9000244140625,3805480000.0
2015-01-14,0.5687781355485834,-1,2018.4000244140625,2018.4000244140625,1988.43994140625,2011.27001953125,2011.27001953125,4378680000.0
2015-01-21,0.6004642232286327,-1,2020.18994140625,2038.2900390625,2012.0400390625,2032.1199951171875,2032.1199951171875,3730070000.0
2015-01-28,0.6334960195385472,1,2032.3399658203125,2042.489990234375,2001.489990234375,2002.1600341796875,2002.1600341796875,4067530000.0
2015-02-04,0.6557741204098778,1,2048.860107421875,2054.739990234375,2036.719970703125,2041.510009765625,2041.510009765625,4141920000.0
2015-02-11,0.6424168682213113,1,2068.550048828125,2073.47998046875,2057.989990234375,2068.530029296875,2068.530029296875,3596860000.0
2015-02-18,0.631738199788703,1,2099.159912109375,2100.22998046875,2092.14990234375,2099.679931640625,2099.679931640625,3370020000.0
2015-02-25,0.6323292670295366,1,2115.300048828125,2119.590087890625,2109.889892578125,2113.860107421875,2113.860107421875,3312340000.0
2015-03-04,0.6351602060291656,1,2107.719970703125,2107.719970703125,2094.489990234375,2098.530029296875,2098.530029296875,3421110000.0
2015-03-11,0.6444415558130605,1,2044.68994140625,2050.080078125,2039.68994140625,2040.239990234375,2040.239990234375,3406570000.0
2015-03-18,0.635901646236604,1,2072.840087890625,2106.85009765625,2061.22998046875,2099.5,2099.5,4128210000.0
2015-03-25,0.6324644098455262,1,2093.10009765625,2097.429931640625,2061.050048828125,2061.050048828125,2061.050048828125,3521140000.0
2015-04-01,0.6248833089400079,1,2067.6298828125,2067.6298828125,2048.3798828125,2059.68994140625,2059.68994140625,3543270000.0
2015-04-08,0.6082509218681195,-1,2076.93994140625,2086.68994140625,2073.300048828125,2081.89990234375,2081.89990234375,3265330000.0
2015-04-15,0.6019883568484099,-1,2097.820068359375,2111.909912109375,2097.820068359375,2106.6298828125,2106.6298828125,4013760000.0
2015-04-22,0.608438557933804,-1,2098.27001953125,2109.97998046875,2091.050048828125,2107.9599609375,2107.9599609375,3348480000.0
2015-04-29,0.5763558797538103,-1,2112.489990234375,2113.64990234375,2097.409912109375,2106.85009765625,2106.85009765625,4074970000.0
2015-05-06,0.5740108713872282,-1,2091.260009765625,2098.419921875,2067.929931640625,2080.14990234375,2080.14990234375,3792210000.0
2015-05-13,0.5840659805221559,-1,2099.6201171875,2110.18994140625,2096.0400390625,2098.47998046875,2098.47998046875,3374260000.0
2015-05-20,0.5920667771338768,-1,2127.7900390625,2134.719970703125,2122.590087890625,2125.85009765625,2125.85009765625,3025880000.0
2015-05-27,0.5308439063602894,-1,2105.1298828125,2126.219970703125,2105.1298828125,2123.47998046875,2123.47998046875,3127960000.0
2015-06-03,0.5411821513552555,-1,2110.639892578125,2121.919921875,2109.610107421875,2114.070068359375,2114.070068359375,3099980000.0
2015-06-10,0.5280004492262503,-1,2081.1201171875,2108.5,2081.1201171875,2105.199951171875,2105.199951171875,3414320000.0
2015-06-17,0.5052053970276047,-1,2097.39990234375,2106.7900390625,2088.860107421875,2100.43994140625,2100.43994140625,3222240000.0
2015-06-24,0.4923453026745669,-1,2123.64990234375,2125.10009765625,2108.580078125,2108.580078125,2108.580078125,3102480000.0
2015-07-01,0.48102633052689064,-1,2067.0,2082.780029296875,2067.0,2077.419921875,2077.419921875,3727260000.0
2015-07-08,0.4773500632725226,-1,2077.659912109375,2077.659912109375,2044.6600341796875,2046.6800537109373,2046.6800537109373,3608780000.0
2015-07-15,0.4664829632965724,-1,2109.010009765625,2114.139892578125,2102.489990234375,2107.39990234375,2107.39990234375,3261810000.0
2015-07-22,0.45576018814462405,-1,2118.2099609375,2118.510009765625,2110.0,2114.14990234375,2114.14990234375,3694070000.0
2015-07-29,0.46470331214213284,-1,2094.699951171875,2110.60009765625,2094.080078125,2108.570068359375,2108.570068359375,4038900000.0
2015-08-05,0.48476121478783873,-1,2095.27001953125,2112.659912109375,2095.27001953125,2099.840087890625,2099.840087890625,3968680000.0
2015-08-12,0.5344943747034698,-1,2081.10009765625,2089.06005859375,2052.090087890625,2086.050048828125,2086.050048828125,4269130000.0
2015-08-19,0.48381717681227054,-1,2095.68994140625,2096.169921875,2070.530029296875,2079.610107421875,2079.610107421875,3512920000.0
2015-08-26,0.4580492433500703,-1,1872.75,1943.0899658203125,1872.75,1940.510009765625,1940.510009765625,5338250000.0
2015-09-02,0.45474295235988305,-1,1916.52001953125,1948.9100341796875,1916.52001953125,1948.8599853515625,1948.8599853515625,3742620000.0
2015-09-09,0.44813125608889376,-1,1971.449951171875,1988.6300048828125,1937.8800048828125,1942.0400390625,1942.0400390625,3652120000.0
2015-09-16,0.44646796859031596,-1,1978.02001953125,1997.260009765625,1977.9300537109373,1995.31005859375,1995.31005859375,3630680000.0
2015-09-23,0.4467529445729045,-1,1943.239990234375,1949.52001953125,1932.5699462890625,1938.760009765625,1938.760009765625,3190530000.0
2015-09-30,0.44910852889232805,-1,1887.1400146484373,1920.530029296875,1887.1400146484373,1920.030029296875,1920.030029296875,4525070000.0
2015-10-07,0.4417446111690579,-1,1982.3399658203125,1999.31005859375,1976.43994140625,1995.8299560546875,1995.8299560546875,4666470000.0
2015-10-14,0.4503372368134793,-1,2003.6600341796875,2009.56005859375,1990.72998046875,1994.239990234375,1994.239990234375,3644590000.0
2015-10-21,0.46310942297065727,-1,2033.469970703125,2037.969970703125,2017.219970703125,2018.93994140625,2018.93994140625,3627790000.0
2015-10-28,0.47605148782842904,-1,2066.47998046875,2090.35009765625,2063.110107421875,2090.35009765625,2090.35009765625,4698110000.0
2015-11-04,0.485206313937797,-1,2110.60009765625,2114.590087890625,2096.97998046875,2102.31005859375,2102.31005859375,4078870000.0
2015-11-11,0.46632835827111035,-1,2083.409912109375,2086.93994140625,2074.85009765625,2075.0,2075.0,3692410000.0
2015-11-18,0.4891785388632382,-1,2051.989990234375,2085.31005859375,2051.989990234375,2083.580078125,2083.580078125,3926390000.0
2015-11-25,0.4756281249724165,-1,2089.300048828125,2093.0,2086.300048828125,2088.8701171875,2088.8701171875,2852940000.0
2015-12-02,0.4955334619874581,-1,2101.7099609375,2104.27001953125,2077.110107421875,2079.510009765625,2079.510009765625,3950640000.0
2015-12-09,0.46797658810216747,-1,2061.169921875,2080.330078125,2036.530029296875,2047.6199951171875,2047.6199951171875,4385250000.0
2015-12-16,0.44818673984116203,-1,2046.5,2076.719970703125,2042.4300537109373,2073.070068359375,2073.070068359375,4635450000.0
2015-12-23,0.5101640032967256,-1,2042.199951171875,2064.72998046875,2042.199951171875,2064.2900390625,2064.2900390625,3484090000.0
2015-12-31,0.4941269910545563,-1,2060.590087890625,2062.5400390625,2043.6199951171875,2043.93994140625,2043.93994140625,2655330000.0
2016-01-06,0.4677604858614323,-1,2011.7099609375,2011.7099609375,1979.050048828125,1990.260009765625,1990.260009765625,4336660000.0
2016-01-13,0.4466396668867915,-1,1940.3399658203125,1950.3299560546875,1886.4100341796875,1890.280029296875,1890.280029296875,5087030000.0
2016-01-20,0.40033150596650674,-1,1876.1800537109373,1876.1800537109373,1812.2900390625,1859.3299560546875,1859.3299560546875,6416070000.0
2016-01-27,0.4091782135956581,-1,1902.52001953125,1916.989990234375,1872.699951171875,1882.949951171875,1882.949951171875,4754040000.0
2016-02-03,0.4323870211288901,-1,1907.0699462890625,1918.010009765625,1872.22998046875,1912.530029296875,1912.530029296875,5172950000.0
2016-02-11,0.37689386299996175,-1,1847.0,1847.0,1810.0999755859373,1829.0799560546875,1829.0799560546875,5500800000.0
2016-02-18,0.4187078291582185,-1,1927.5699462890625,1930.0,1915.0899658203125,1917.8299560546875,1917.8299560546875,4436490000.0
2016-02-24,0.472227867554754,-1,1917.56005859375,1932.0799560546875,1891.0,1929.800048828125,1929.800048828125,4317250000.0
2016-03-02,0.45346111823710783,-1,1976.5999755859373,1986.510009765625,1968.800048828125,1986.449951171875,1986.449951171875,4666610000.0
2016-03-09,0.426090855015685,-1,1981.43994140625,1992.68994140625,1979.8399658203125,1989.260009765625,1989.260009765625,4038120000.0
2016-03-16,0.4464067796411018,-1,2014.239990234375,2032.02001953125,2010.0400390625,2027.219970703125,2027.219970703125,4057020000.0
2016-03-23,0.47959729084588854,-1,2048.550048828125,2048.550048828125,2034.8599853515625,2036.7099609375,2036.7099609375,3639510000.0
2016-03-30,0.4486365057807703,-1,2058.27001953125,2072.2099609375,2058.27001953125,2063.949951171875,2063.949951171875,3590310000.0
2016-04-06,0.45415984568256246,-1,2045.56005859375,2067.330078125,2043.0899658203125,2066.659912109375,2066.659912109375,3750800000.0
2016-04-13,0.4866405535953689,-1,2065.919921875,2083.179931640625,2065.919921875,2082.419921875,2082.419921875,4191830000.0
2016-04-20,0.5055389250185798,-1,2101.52001953125,2111.050048828125,2096.320068359375,2102.39990234375,2102.39990234375,4184880000.0
2016-04-27,0.5341955601447254,-1,2092.330078125,2099.889892578125,2082.31005859375,2095.14990234375,2095.14990234375,4100110000.0
2016-05-04,0.5444970415820025,-1,2060.300048828125,2060.300048828125,2045.550048828125,2051.1201171875,2051.1201171875,4058560000.0
2016-05-11,0.4756760462588528,-1,2083.2900390625,2083.2900390625,2064.4599609375,2064.4599609375,2064.4599609375,3821980000.0
2016-05-18,0.4639199146840999,-1,2044.3800048828125,2060.610107421875,2034.489990234375,2047.6300048828125,2047.6300048828125,4101320000.0
2016-05-25,0.46206948856638597,-1,2078.929931640625,2094.72998046875,2078.929931640625,2090.5400390625,2090.5400390625,3859160000.0
2016-06-01,0.48301661957520525,-1,2093.93994140625,2100.969970703125,2085.10009765625,2099.330078125,2099.330078125,3525170000.0
2016-06-08,0.471568220419379,-1,2112.7099609375,2120.550048828125,2112.7099609375,2119.1201171875,2119.1201171875,3562060000.0
2016-06-15,0.5455737699408458,-1,2077.60009765625,2085.64990234375,2069.800048828125,2071.5,2071.5,3544720000.0
2016-06-22,0.5375669350290969,-1,2089.75,2099.7099609375,2084.360107421875,2085.449951171875,2085.449951171875,3168160000.0
2016-06-29,0.5332008422453441,-1,2042.68994140625,2073.1298828125,2042.68994140625,2070.77001953125,2070.77001953125,4241740000.0
2016-07-06,0.5171530785725863,-1,2084.429931640625,2100.719970703125,2074.02001953125,2099.72998046875,2099.72998046875,3909380000.0
2016-07-13,0.4564643468658343,-1,2153.81005859375,2156.449951171875,2146.2099609375,2152.429931640625,2152.429931640625,3502320000.0
2016-07-20,0.46261597169496965,-1,2166.10009765625,2175.6298828125,2164.889892578125,2173.02001953125,2173.02001953125,3211860000.0
2016-07-27,0.4749477232362702,-1,2169.81005859375,2174.97998046875,2159.070068359375,2166.580078125,2166.580078125,3995500000.0
2016-08-03,0.4908520004234123,-1,2156.81005859375,2163.7900390625,2152.56005859375,2163.7900390625,2163.7900390625,3786530000.0
2016-08-10,0.4610611600991232,-1,2182.81005859375,2183.409912109375,2172.0,2175.489990234375,2175.489990234375,3254950000.0
2016-08-17,0.47005540550064573,-1,2177.840087890625,2183.080078125,2168.5,2182.219970703125,2182.219970703125,3388910000.0
2016-08-24,0.5105656219908989,-1,2185.090087890625,2186.659912109375,2171.25,2175.43994140625,2175.43994140625,3148280000.0
2016-08-31,0.5534085573975271,-1,2173.56005859375,2173.7900390625,2161.35009765625,2170.949951171875,2170.949951171875,3766390000.0
2016-09-07,0.49574452715241524,-1,2185.169921875,2187.8701171875,2179.070068359375,2186.159912109375,2186.159912109375,3319420000.0
2016-09-14,0.4463304820685832,-1,2127.860107421875,2141.330078125,2119.89990234375,2125.77001953125,2125.77001953125,3664100000.0
2016-09-21,0.4669841934427069,-1,2144.580078125,2165.110107421875,2139.570068359375,2163.1201171875,2163.1201171875,3685450000.0
2016-09-28,0.5303765632116052,-1,2161.85009765625,2172.39990234375,2151.7900390625,2171.3701171875,2171.3701171875,3860390000.0
2016-10-05,0.5222413321042249,-1,2155.14990234375,2163.949951171875,2155.14990234375,2159.72998046875,2159.72998046875,3883710000.0
2016-10-12,0.5232085249174405,-1,2137.669921875,2145.360107421875,2132.77001953125,2139.179931640625,2139.179931640625,2959510000.0
2016-10-19,0.5178281497548906,-1,2140.81005859375,2148.43994140625,2138.14990234375,2144.2900390625,2144.2900390625,3364990000.0
2016-10-26,0.5098085578549535,-1,2136.969970703125,2145.72998046875,2131.590087890625,2139.429931640625,2139.429931640625,3778120000.0
2016-11-02,0.5100324962624887,-1,2109.429931640625,2111.760009765625,2094.0,2097.93994140625,2097.93994140625,4289120000.0
2016-11-09,0.5081892945844149,-1,2131.56005859375,2170.10009765625,2125.35009765625,2163.260009765625,2163.260009765625,6267590000.0
2016-11-16,0.5174138341464535,-1,2177.530029296875,2179.219970703125,2172.199951171875,2176.93994140625,2176.93994140625,3847900000.0
2016-11-23,0.5515992199784692,-1,2198.550048828125,2204.719970703125,2194.510009765625,2204.719970703125,2204.719970703125,3419850000.0
2016-11-30,0.5955583907503147,-1,2204.969970703125,2214.10009765625,2198.81005859375,2198.81005859375,2198.81005859375,5538400000.0
2016-12-07,0.5774804728105063,-1,2210.719970703125,2241.6298828125,2208.929931640625,2241.35009765625,2241.35009765625,4504070000.0
2016-12-14,0.5666299681921546,-1,2268.35009765625,2276.199951171875,2248.43994140625,2253.280029296875,2253.280029296875,4409670000.0
2016-12-21,0.557192660143046,-1,2270.5400390625,2271.22998046875,2265.14990234375,2265.179931640625,2265.179931640625,2854880000.0
2016-12-28,0.5494700659992667,-1,2270.22998046875,2271.31005859375,2249.110107421875,2249.919921875,2249.919921875,2402750000.0
2017-01-04,0.55040828880115,-1,2261.60009765625,2272.820068359375,2261.60009765625,2270.75,2270.75,3768890000.0
2017-01-11,0.5498707709707812,-1,2268.60009765625,2275.320068359375,2260.830078125,2275.320068359375,2275.320068359375,3625080000.0
2017-01-18,0.5455155290945505,-1,2269.139892578125,2272.010009765625,2263.35009765625,2271.889892578125,2271.889892578125,3317670000.0
2017-01-25,0.5523523428397332,-1,2288.8798828125,2299.550048828125,2288.8798828125,2298.3701171875,2298.3701171875,3849340000.0
2017-02-01,0.5493872664285198,-1,2285.590087890625,2289.139892578125,2272.43994140625,2279.550048828125,2279.550048828125,3919190000.0
2017-02-08,0.5972077749815204,-1,2289.550048828125,2295.909912109375,2285.3798828125,2294.669921875,2294.669921875,3611950000.0
2017-02-15,0.6098754380110777,-1,2335.580078125,2351.300048828125,2334.81005859375,2349.25,2349.25,3785870000.0
2017-02-22,0.62237600981117,-1,2361.110107421875,2365.1298828125,2358.340087890625,2362.820068359375,2362.820068359375,3473170000.0
2017-03-01,0.642266074416915,1,2380.1298828125,2400.97998046875,2380.1298828125,2395.9599609375,2395.9599609375,4347630000.0
2017-03-08,0.6264500526557283,1,2369.81005859375,2373.090087890625,2361.010009765625,2362.97998046875,2362.97998046875,3814080000.0
2017-03-15,0.629330591836317,1,2370.340087890625,2390.010009765625,2368.93994140625,2385.260009765625,2385.260009765625,3909490000.0
2017-03-22,0.656547876585752,1,2343.0,2351.81005859375,2336.449951171875,2348.449951171875,2348.449951171875,3575160000.0
2017-03-29,0.6755671383833863,1,2356.5400390625,2363.360107421875,2352.93994140625,2361.1298828125,2361.1298828125,3107670000.0
2017-04-05,0.6876256386058146,1,2366.590087890625,2378.360107421875,2350.52001953125,2352.949951171875,2352.949951171875,3780650000.0
2017-04-12,0.7023252757795114,1,2352.14990234375,2352.719970703125,2341.179931640625,2344.929931640625,2344.929931640625,3201300000.0
2017-04-20,0.7167666902859112,1,2342.68994140625,2361.3701171875,2340.909912109375,2355.840087890625,2355.840087890625,3648990000.0
2017-04-26,0.7188162669002232,1,2388.97998046875,2398.159912109375,2386.780029296875,2387.449951171875,2387.449951171875,4111350000.0
2017-05-03,0.7202388565602719,1,2386.5,2389.820068359375,2379.75,2388.1298828125,2388.1298828125,3896760000.0
2017-05-10,0.714135923538757,1,2396.7900390625,2399.739990234375,2392.7900390625,2399.6298828125,2399.6298828125,3649370000.0
2017-05-17,0.6979165617967549,1,2382.949951171875,2384.8701171875,2356.2099609375,2357.030029296875,2357.030029296875,4164760000.0
2017-05-24,0.6945196423477982,1,2401.409912109375,2405.580078125,2397.989990234375,2404.389892578125,2404.389892578125,3389240000.0
2017-05-31,0.6923399690232122,1,2415.6298828125,2415.989990234375,2403.590087890625,2411.800048828125,2411.800048828125,4518040000.0
2017-06-07,0.6962918758711208,1,2432.030029296875,2435.280029296875,2424.75,2433.139892578125,2433.139892578125,3576220000.0
2017-06-14,0.6984114446492582,1,2443.75,2443.75,2428.340087890625,2437.919921875,2437.919921875,3558640000.0
2017-06-22,0.6978176621281391,1,2437.39990234375,2441.6201171875,2433.27001953125,2434.5,2434.5,3477250000.0
2017-06-28,0.700454643371396,1,2428.699951171875,2442.969970703125,2428.02001953125,2440.68994140625,2440.68994140625,3479980000.0
2017-07-05,0.6962485421141835,1,2430.780029296875,2434.89990234375,2422.050048828125,2432.5400390625,2432.5400390625,3368150000.0
2017-07-12,0.6915944620791639,1,2435.75,2445.760009765625,2435.75,2443.25,2443.25,3176900000.0
2017-07-19,0.6835173682563164,1,2463.85009765625,2473.830078125,2463.85009765625,2473.830078125,2473.830078125,3063810000.0
2017-07-26,0.6725974502866023,1,2479.969970703125,2481.68994140625,2474.93994140625,2477.830078125,2477.830078125,3597830000.0
2017-08-02,0.6578541874241564,1,2480.3798828125,2480.3798828125,2466.47998046875,2477.570068359375,2477.570068359375,3487150000.0
2017-08-09,0.642601690296135,1,2465.35009765625,2474.409912109375,2462.080078125,2474.02001953125,2474.02001953125,3310960000.0
2017-08-16,0.6475389148639442,1,2468.6298828125,2474.929931640625,2463.860107421875,2468.110107421875,2468.110107421875,2956570000.0
2017-08-23,0.6503481572918235,1,2444.8798828125,2448.909912109375,2441.419921875,2444.0400390625,2444.0400390625,2796950000.0
2017-08-30,0.6582391892915854,1,2446.06005859375,2460.31005859375,2443.77001953125,2457.590087890625,2457.590087890625,2637780000.0
2017-09-06,0.6734531535220384,1,2463.830078125,2469.639892578125,2459.199951171875,2465.5400390625,2465.5400390625,3400200000.0
2017-09-13,0.6830245388837441,1,2493.889892578125,2498.3701171875,2492.139892578125,2498.3701171875,2498.3701171875,3371370000.0
2017-09-20,0.6864972739493298,1,2506.840087890625,2508.85009765625,2496.669921875,2508.239990234375,2508.239990234375,3584570000.0
2017-09-27,0.6855840082241248,1,2503.300048828125,2511.75,2495.909912109375,2507.0400390625,2507.0400390625,3485070000.0
2017-10-04,0.6829409841390661,1,2533.47998046875,2540.530029296875,2531.800048828125,2537.739990234375,2537.739990234375,3020770000.0
2017-10-11,0.6827370335819896,1,2550.6201171875,2555.239990234375,2547.949951171875,2555.239990234375,2555.239990234375,2991320000.0
2017-10-18,0.683645624865145,1,2562.8701171875,2564.110107421875,2559.669921875,2561.260009765625,2561.260009765625,2999320000.0
2017-10-25,0.6770365397720683,1,2566.52001953125,2567.39990234375,2544.0,2557.14990234375,2557.14990234375,3885470000.0
2017-11-01,0.6727421595448654,1,2583.2099609375,2588.39990234375,2574.919921875,2579.360107421875,2579.360107421875,3841200000.0
2017-11-08,0.6748787554860535,1,2588.7099609375,2595.469970703125,2585.02001953125,2594.3798828125,2594.3798828125,3898450000.0
2017-11-15,0.6727522108528922,1,2569.449951171875,2572.840087890625,2557.449951171875,2564.6201171875,2564.6201171875,3586590000.0
2017-11-22,0.668660770846389,1,2600.31005859375,2600.93994140625,2595.22998046875,2597.080078125,2597.080078125,2764110000.0
2017-11-29,0.680777593521197,1,2627.820068359375,2634.889892578125,2620.320068359375,2626.070068359375,2626.070068359375,4090630000.0
2017-12-06,0.6901270811654886,1,2626.239990234375,2634.409912109375,2624.75,2629.27001953125,2629.27001953125,3253080000.0
2017-12-13,0.7072790076763078,1,2667.590087890625,2671.8798828125,2662.85009765625,2662.85009765625,2662.85009765625,3568360000.0
2017-12-20,0.7084916493574709,1,2688.179931640625,2691.010009765625,2676.110107421875,2679.25,2679.25,3246230000.0
2017-12-27,0.7098494021889719,1,2682.10009765625,2685.639892578125,2678.909912109375,2682.6201171875,2682.6201171875,2202900000.0
2018-01-03,0.7128001053062739,1,2697.85009765625,2714.3701171875,2697.77001953125,2713.06005859375,2713.06005859375,3544030000.0
2018-01-10,0.7121017477484938,1,2745.550048828125,2750.800048828125,2736.06005859375,2748.22998046875,2748.22998046875,3579900000.0
2018-01-17,0.7105463760822178,1,2784.989990234375,2807.0400390625,2778.3798828125,2802.56005859375,2802.56005859375,3790340000.0
2018-01-24,0.7063854815430195,1,2845.419921875,2852.969970703125,2824.81005859375,2837.5400390625,2837.5400390625,4079270000.0
2018-01-31,0.7011477965654176,1,2832.409912109375,2839.260009765625,2813.0400390625,2823.81005859375,2823.81005859375,4276270000.0
2018-02-07,0.7002715750987529,1,2690.949951171875,2727.669921875,2681.330078125,2681.659912109375,2681.659912109375,4646300000.0
2018-02-14,0.7027866342464124,1,2651.2099609375,2702.10009765625,2648.8701171875,2698.6298828125,2698.6298828125,4011940000.0
2018-02-21,0.7018995443104619,1,2720.530029296875,2747.75,2701.2900390625,2701.330078125,2701.330078125,3789040000.0
2018-02-28,0.7070694131117204,1,2753.780029296875,2761.52001953125,2713.5400390625,2713.830078125,2713.830078125,4244570000.0
2018-03-07,0.7184537241681247,1,2710.179931640625,2730.60009765625,2701.739990234375,2726.800048828125,2726.800048828125,3406690000.0
2018-03-14,0.7182955276269395,1,2774.06005859375,2777.110107421875,2744.3798828125,2749.47998046875,2749.47998046875,3394630000.0
2018-03-21,0.7224257737402401,1,2714.989990234375,2739.139892578125,2709.7900390625,2711.929931640625,2711.929931640625,3434780000.0
2018-03-28,0.7208857364082665,1,2611.300048828125,2632.64990234375,2593.06005859375,2605.0,2605.0,3875720000.0
2018-04-04,0.7198345013579108,1,2584.0400390625,2649.860107421875,2573.610107421875,2644.68994140625,2644.68994140625,3369230000.0
2018-04-11,0.7165487237048628,1,2643.889892578125,2661.429931640625,2639.25,2642.18994140625,2642.18994140625,3054520000.0
2018-04-18,0.7053490080622581,1,2710.110107421875,2717.489990234375,2703.6298828125,2708.639892578125,2708.639892578125,3412030000.0
2018-04-25,0.6941646445116997,1,2634.919921875,2645.300048828125,2612.669921875,2639.39990234375,2639.39990234375,3563680000.0
2018-05-02,0.687258712138416,1,2654.239990234375,2660.8701171875,2631.699951171875,2635.669921875,2635.669921875,4047020000.0
2018-05-09,0.6825878564425988,1,2678.1201171875,2701.27001953125,2674.139892578125,2697.7900390625,2697.7900390625,3913650000.0
2018-05-16,0.6820088639395677,1,2712.6201171875,2727.760009765625,2712.169921875,2722.4599609375,2722.4599609375,3248480000.0
2018-05-23,0.6896746964495961,1,2713.97998046875,2733.330078125,2709.5400390625,2733.2900390625,2733.2900390625,3333160000.0
2018-05-30,0.6959712344051896,1,2702.429931640625,2729.340087890625,2702.429931640625,2724.010009765625,2724.010009765625,3566490000.0
2018-06-06,0.7035269294410411,1,2753.25,2772.389892578125,2748.4599609375,2772.35009765625,2772.35009765625,3662780000.0
2018-06-13,0.7088057053367398,1,2787.93994140625,2791.469970703125,2774.64990234375,2775.6298828125,2775.6298828125,3820770000.0
2018-06-20,0.7092214022732394,1,2769.72998046875,2774.860107421875,2763.909912109375,2767.320068359375,2767.320068359375,3332140000.0
2018-06-27,0.7066150296952212,1,2728.449951171875,2746.090087890625,2699.3798828125,2699.6298828125,2699.6298828125,3803990000.0
2018-07-03,0.7076599859352513,1,2733.27001953125,2736.580078125,2711.159912109375,2713.219970703125,2713.219970703125,1911460000.0
2018-07-11,0.7088525838730769,1,2779.820068359375,2785.909912109375,2770.77001953125,2774.02001953125,2774.02001953125,2986180000.0
2018-07-18,0.7109359411920368,1,2811.35009765625,2816.760009765625,2805.889892578125,2815.6201171875,2815.6201171875,3111560000.0
2018-07-25,0.7097808558874007,1,2817.72998046875,2848.030029296875,2817.72998046875,2846.070068359375,2846.070068359375,3584400000.0
2018-08-01,0.7100305486099466,1,2821.169921875,2825.830078125,2805.85009765625,2813.360107421875,2813.360107421875,3501350000.0
2018-08-08,0.7077228252465945,1,2856.7900390625,2862.43994140625,2853.090087890625,2857.699951171875,2857.699951171875,2978070000.0
2018-08-15,0.7017300633520672,1,2827.949951171875,2827.949951171875,2802.489990234375,2818.3701171875,2818.3701171875,3656680000.0
2018-08-22,0.6953098333289737,1,2860.989990234375,2867.5400390625,2856.050048828125,2861.820068359375,2861.820068359375,2701250000.0
2018-08-29,0.6846827708554308,1,2900.6201171875,2916.5,2898.39990234375,2914.0400390625,2914.0400390625,2805520000.0
2018-09-05,0.692308965747749,1,2891.590087890625,2894.2099609375,2876.919921875,2888.60009765625,2888.60009765625,3248780000.0
2018-09-12,0.7049601932692379,1,2888.2900390625,2894.64990234375,2879.199951171875,2888.919921875,2888.919921875,3341280000.0
2018-09-19,0.7198247749200559,1,2906.60009765625,2912.360107421875,2903.820068359375,2907.949951171875,2907.949951171875,3302460000.0
2018-09-26,0.7316889283573333,1,2916.97998046875,2931.14990234375,2903.280029296875,2905.969970703125,2905.969970703125,3417540000.0
2018-10-03,0.7345393663220685,1,2931.68994140625,2939.860107421875,2921.360107421875,2925.510009765625,2925.510009765625,3625510000.0
2018-10-10,0.735703288849594,1,2873.89990234375,2874.02001953125,2784.860107421875,2785.679931640625,2785.679931640625,4554260000.0
2018-10-17,0.728234570243444,1,2811.669921875,2816.93994140625,2781.81005859375,2809.2099609375,2809.2099609375,3347090000.0
2018-10-24,0.7283851757718119,1,2737.8701171875,2742.590087890625,2651.889892578125,2656.10009765625,2656.10009765625,4738670000.0
2018-10-31,0.7234525988030593,1,2705.60009765625,2736.68994140625,2705.60009765625,2711.739990234375,2711.739990234375,5133380000.0
2018-11-07,0.7102440631909067,1,2774.1298828125,2815.14990234375,2774.1298828125,2813.889892578125,2813.889892578125,3929080000.0
2018-11-14,0.7129249023262623,1,2737.89990234375,2746.800048828125,2685.75,2701.580078125,2701.580078125,4449060000.0
2018-11-28,0.7096246327524475,1,2691.449951171875,2744.0,2684.3798828125,2743.7900390625,2743.7900390625,3984540000.0
2018-12-04,0.7263359489525091,1,2782.429931640625,2785.929931640625,2697.179931640625,2700.06005859375,2700.06005859375,4515710000.0
2018-12-12,0.7263386056904608,1,2658.22998046875,2685.43994140625,2650.260009765625,2651.070068359375,2651.070068359375,4029300000.0
2018-12-19,0.7140896321081842,1,2547.050048828125,2585.2900390625,2488.9599609375,2506.9599609375,2506.9599609375,5152830000.0
2018-12-26,0.7198262710791808,1,2363.1201171875,2467.760009765625,2346.580078125,2467.699951171875,2467.699951171875,4249740000.0
2019-01-02,0.7294090889444064,1,2476.9599609375,2519.489990234375,2467.469970703125,2510.030029296875,2510.030029296875,3733160000.0
2019-01-09,0.7345010043593245,1,2580.0,2595.320068359375,2568.889892578125,2584.9599609375,2584.9599609375,4088740000.0
2019-01-16,0.7327144876461733,1,2614.75,2625.760009765625,2612.679931640625,2616.10009765625,2616.10009765625,3882180000.0
2019-01-23,0.7354386945616137,1,2643.47998046875,2653.18994140625,2612.860107421875,2638.699951171875,2638.699951171875,3358770000.0
2019-01-30,0.7346646944782526,1,2653.6201171875,2690.43994140625,2648.340087890625,2681.050048828125,2681.050048828125,3883270000.0
2019-02-06,0.7341710387016387,1,2735.050048828125,2738.080078125,2724.14990234375,2731.610107421875,2731.610107421875,3486590000.0
2019-02-13,0.7204646145332332,1,2750.300048828125,2761.85009765625,2748.6298828125,2753.030029296875,2753.030029296875,3684910000.0
2019-02-20,0.7148435210802664,1,2779.050048828125,2789.8798828125,2774.06005859375,2784.699951171875,2784.699951171875,3904830000.0
2019-02-27,0.7117126947591617,1,2787.5,2795.760009765625,2775.1298828125,2792.3798828125,2792.3798828125,3771790000.0
2019-03-06,0.7103246020291609,1,2790.27001953125,2790.27001953125,2768.68994140625,2771.449951171875,2771.449951171875,3800180000.0
2019-03-13,0.7090785701335096,1,2799.780029296875,2821.239990234375,2799.780029296875,2810.919921875,2810.919921875,3782250000.0
2019-03-20,0.7094502814707517,1,2831.340087890625,2843.5400390625,2812.429931640625,2824.22998046875,2824.22998046875,3779160000.0
2019-03-27,0.7092152777800621,1,2819.719970703125,2825.56005859375,2787.719970703125,2805.3701171875,2805.3701171875,3422400000.0
2019-04-03,0.7089752831745766,1,2876.090087890625,2885.25,2865.169921875,2873.39990234375,2873.39990234375,3570000000.0
2019-04-10,0.7083273329135769,1,2881.3701171875,2889.7099609375,2879.1298828125,2888.2099609375,2888.2099609375,3092230000.0
2019-04-17,0.7082807086817916,1,2916.0400390625,2918.0,2895.449951171875,2900.449951171875,2900.449951171875,3648100000.0
2019-04-24,0.708366403658598,1,2934.0,2936.830078125,2926.050048828125,2927.25,2927.25,3468480000.0
2019-05-01,0.7083757826626853,1,2952.330078125,2954.1298828125,2923.360107421875,2923.72998046875,2923.72998046875,3669330000.0
2019-05-08,0.7059709787018777,1,2879.610107421875,2897.9599609375,2873.280029296875,2879.419921875,2879.419921875,3543110000.0
2019-05-15,0.6927565249312796,1,2820.3798828125,2858.679931640625,2815.080078125,2850.9599609375,2850.9599609375,3140900000.0
2019-05-22,0.6837292375170526,1,2856.06005859375,2865.469970703125,2851.110107421875,2856.27001953125,2856.27001953125,3194000000.0
2019-05-29,0.6851473232382211,1,2790.25,2792.030029296875,2766.06005859375,2783.02001953125,2783.02001953125,3701110000.0
2019-06-05,0.7320470778735528,1,2818.090087890625,2827.280029296875,2800.919921875,2826.14990234375,2826.14990234375,3570760000.0
2019-06-12,0.7332910833779454,1,2882.72998046875,2888.570068359375,2874.679931640625,2879.840087890625,2879.840087890625,3039870000.0
2019-06-19,0.7301695133511493,1,2920.550048828125,2931.739990234375,2911.429931640625,2926.4599609375,2926.4599609375,3300220000.0
2019-06-26,0.7289074770996834,1,2926.070068359375,2932.590087890625,2912.989990234375,2913.780029296875,2913.780029296875,3511350000.0
2019-07-03,0.7183920262531089,1,2978.080078125,2995.840087890625,2977.9599609375,2995.820068359375,2995.820068359375,1963570000.0
2019-07-10,0.701093886920085,1,2989.300048828125,3002.97998046875,2984.6201171875,2993.070068359375,2993.070068359375,3157800000.0
2019-07-17,0.6852621557243224,1,3005.10009765625,3005.260009765625,2984.25,2984.419921875,2984.419921875,3185650000.0
2019-07-24,0.6634243341267277,1,2998.77001953125,3019.590087890625,2996.820068359375,3019.56005859375,3019.56005859375,3433220000.0
2019-07-31,0.6690231696070833,1,3016.219970703125,3017.39990234375,2958.080078125,2980.3798828125,2980.3798828125,4626330000.0
2019-08-07,0.6800749197027445,1,2858.64990234375,2892.169921875,2825.7099609375,2883.97998046875,2883.97998046875,4512720000.0
2019-08-14,0.6252489615198031,1,2894.14990234375,2894.14990234375,2839.639892578125,2840.60009765625,2840.60009765625,4325150000.0
2019-08-21,0.6332459893647214,1,2922.0400390625,2928.72998046875,2917.909912109375,2924.429931640625,2924.429931640625,3016540000.0
2019-08-28,0.6404995390871007,1,2861.280029296875,2890.030029296875,2853.050048828125,2887.93994140625,2887.93994140625,3102480000.0
2019-09-04,0.6573481257394664,1,2924.669921875,2938.840087890625,2921.860107421875,2937.780029296875,2937.780029296875,3167900000.0
2019-09-11,0.6583067928660385,1,2981.409912109375,3000.929931640625,2975.31005859375,3000.929931640625,3000.929931640625,3934370000.0
2019-09-18,0.662976519997978,1,3001.5,3007.830078125,2978.570068359375,3006.72998046875,3006.72998046875,3458800000.0
2019-09-25,0.6628404044437564,1,2968.35009765625,2989.820068359375,2952.860107421875,2984.8701171875,2984.8701171875,3331200000.0
2019-10-02,0.6607983662760827,1,2924.780029296875,2924.780029296875,2874.929931640625,2887.610107421875,2887.610107421875,3914180000.0
2019-10-09,0.6679371433234207,1,2911.10009765625,2929.320068359375,2907.409912109375,2919.39990234375,2919.39990234375,2735350000.0
2019-10-16,0.6651809369084634,1,2989.679931640625,2997.5400390625,2985.199951171875,2989.68994140625,2989.68994140625,3230320000.0
2019-10-23,0.6614539930700545,1,2994.010009765625,3004.780029296875,2991.2099609375,3004.52001953125,3004.52001953125,3413600000.0
2019-10-30,0.6555725847244082,1,3039.739990234375,3050.10009765625,3025.9599609375,3046.77001953125,3046.77001953125,3779660000.0
2019-11-06,0.6518536196139105,1,3075.10009765625,3078.340087890625,3065.889892578125,3076.780029296875,3076.780029296875,4465510000.0
2019-11-13,0.6509764980192332,1,3084.179931640625,3098.06005859375,3078.800048828125,3094.0400390625,3094.0400390625,3513720000.0
2019-11-20,0.6525922936524776,1,3114.659912109375,3118.969970703125,3091.409912109375,3108.4599609375,3108.4599609375,4041010000.0
2019-11-27,0.6485161268704913,1,3145.489990234375,3154.260009765625,3143.409912109375,3153.6298828125,3153.6298828125,3035470000.0
2019-12-04,0.6484226430084111,1,3103.5,3119.3798828125,3102.530029296875,3112.760009765625,3112.760009765625,3702980000.0
2019-12-11,0.6537080696244898,1,3135.75,3143.97998046875,3133.2099609375,3141.6298828125,3141.6298828125,3257650000.0
2019-12-18,0.6615684586061895,1,3195.2099609375,3198.47998046875,3191.139892578125,3191.139892578125,3191.139892578125,4029950000.0
2019-12-26,0.6596918696770919,1,3227.199951171875,3240.080078125,3227.199951171875,3239.909912109375,3239.909912109375,2164540000.0
2020-01-02,0.6680792662914841,1,3244.669921875,3258.139892578125,3235.530029296875,3257.85009765625,3257.85009765625,3459930000.0
2020-01-08,0.6731325027194389,1,3238.590087890625,3267.070068359375,3236.669921875,3253.050048828125,3253.050048828125,3726840000.0
2020-01-15,0.6767898229033652,1,3282.27001953125,3298.659912109375,3280.68994140625,3289.2900390625,3289.2900390625,3721490000.0
2020-01-22,0.682370880637475,1,3330.02001953125,3337.77001953125,3320.0400390625,3321.75,3321.75,3623780000.0
2020-01-29,0.6795251021570592,1,3289.4599609375,3293.469970703125,3271.889892578125,3273.39990234375,3273.39990234375,3600250000.0
2020-02-05,0.6771888665889413,1,3324.909912109375,3337.580078125,3313.75,3334.68994140625,3334.68994140625,4121480000.0
2020-02-12,0.6445358944421492,1,3370.5,3381.469970703125,3369.719970703125,3379.449951171875,3379.449951171875,3930910000.0
2020-02-19,0.6102795261988618,-1,3380.389892578125,3393.52001953125,3378.830078125,3386.14990234375,3386.14990234375,3614200000.0
2020-02-26,0.5250318281591616,-1,3139.89990234375,3182.510009765625,3108.989990234375,3116.389892578125,3116.389892578125,5484650000.0
2020-03-05,0.6158127626783312,-1,3075.699951171875,3083.0400390625,2999.830078125,3023.93994140625,3023.93994140625,5579290000.0
2020-03-11,0.5910006259473665,-1,2825.60009765625,2825.60009765625,2707.219970703125,2741.3798828125,2741.3798828125,7431200000.0
2020-03-18,0.6341620036318041,1,2436.5,2453.570068359375,2280.52001953125,2398.10009765625,2398.10009765625,8799300000.0
2020-03-25,0.6669416193719064,1,2457.77001953125,2571.419921875,2407.530029296875,2475.56005859375,2475.56005859375,8300010000.0
2020-04-01,0.6938156326488798,1,2498.080078125,2522.75,2447.489990234375,2470.5,2470.5,5964000000.0
2020-04-08,0.7123745791166327,1,2685.0,2760.75,2663.300048828125,2749.97998046875,2749.97998046875,5875710000.0
2020-04-15,0.7242061876517111,1,2795.639892578125,2801.8798828125,2761.5400390625,2783.360107421875,2783.360107421875,5208000000.0
2020-04-22,0.7313013096554893,1,2787.889892578125,2815.10009765625,2775.949951171875,2799.31005859375,2799.31005859375,5084920000.0
2020-04-29,0.7308188525108862,1,2918.4599609375,2954.860107421875,2912.159912109375,2939.510009765625,2939.510009765625,6645640000.0
2020-05-06,0.7282459262989165,1,2883.139892578125,2891.110107421875,2847.64990234375,2848.419921875,2848.419921875,4892570000.0
2020-05-20,0.7344694949365276,1,2953.6298828125,2980.2900390625,2953.6298828125,2971.610107421875,2971.610107421875,5005380000.0
2020-05-27,0.7396865356533484,1,3015.64990234375,3036.25,2969.75,3036.1298828125,3036.1298828125,6398000000.0
2020-06-03,0.7420996810927375,1,3098.89990234375,3130.93994140625,3098.89990234375,3122.8701171875,3122.8701171875,6005560000.0
2020-06-10,0.7421901455064108,1,3213.419921875,3223.27001953125,3181.489990234375,3190.139892578125,3190.139892578125,6598870000.0
2020-06-17,0.7439433858678312,1,3136.1298828125,3141.159912109375,3108.030029296875,3113.489990234375,3113.489990234375,4560450000.0
2020-06-24,0.7435616078179794,1,3114.39990234375,3115.010009765625,3032.1298828125,3050.330078125,3050.330078125,5597680000.0
2020-07-01,0.7401714495190299,1,3105.919921875,3128.43994140625,3101.169921875,3115.860107421875,3115.860107421875,4449230000.0
2020-07-08,0.7336463118131156,1,3153.070068359375,3171.800048828125,3136.530029296875,3169.93994140625,3169.93994140625,4937310000.0
2020-07-15,0.7250554875034945,1,3225.97998046875,3238.280029296875,3200.760009765625,3226.56005859375,3226.56005859375,4686830000.0
2020-07-22,0.7199372350090983,1,3254.860107421875,3279.320068359375,3253.10009765625,3276.02001953125,3276.02001953125,4267160000.0
2020-07-29,0.7159297860527527,1,3227.219970703125,3264.739990234375,3227.219970703125,3258.43994140625,3258.43994140625,4478200000.0
2020-08-05,0.7138721215375177,1,3317.3701171875,3330.77001953125,3317.3701171875,3327.77001953125,3327.77001953125,4535060000.0
2020-08-12,0.6949381778902496,1,3355.4599609375,3387.889892578125,3355.4599609375,3380.35009765625,3380.35009765625,3772250000.0
2020-08-19,0.6764040572910108,1,3392.510009765625,3399.5400390625,3369.659912109375,3374.85009765625,3374.85009765625,3679480000.0
2020-08-26,0.6593147254822347,1,3449.969970703125,3481.070068359375,3444.14990234375,3478.72998046875,3478.72998046875,3780530000.0
2020-09-02,0.6403691315256366,1,3543.760009765625,3588.110107421875,3535.22998046875,3580.840087890625,3580.840087890625,4295640000.0
2020-09-09,0.6094736394949418,-1,3369.820068359375,3424.77001953125,3366.840087890625,3398.9599609375,3398.9599609375,3932520000.0
2020-09-17,0.5952055973624628,-1,3346.860107421875,3375.169921875,3328.820068359375,3357.010009765625,3357.010009765625,4379840000.0
2020-09-23,0.6008004085745329,-1,3320.110107421875,3323.35009765625,3232.570068359375,3236.919921875,3236.919921875,4378650000.0
2020-09-30,0.6015644517853452,-1,3341.2099609375,3393.56005859375,3340.469970703125,3363.0,3363.0,4738640000.0
2020-10-07,0.6015579274192748,-1,3384.56005859375,3426.260009765625,3384.56005859375,3419.43994140625,3419.43994140625,3814750000.0
2020-10-14,0.5509667214846453,-1,3515.469970703125,3527.93994140625,3480.550048828125,3488.669921875,3488.669921875,3858510000.0
2020-10-21,0.5281223842007583,-1,3439.909912109375,3464.860107421875,3433.06005859375,3435.56005859375,3435.56005859375,4103960000.0
2020-10-28,0.5126391030244158,-1,3342.47998046875,3342.47998046875,3268.889892578125,3271.030029296875,3271.030029296875,5139970000.0
2020-11-04,0.5273223524220197,-1,3406.4599609375,3486.25,3405.169921875,3443.43994140625,3443.43994140625,4790400000.0
2020-11-11,0.5270824719590159,-1,3563.219970703125,3581.159912109375,3557.0,3572.659912109375,3572.659912109375,4635560000.0
2020-11-18,0.5165579280010041,-1,3612.090087890625,3619.090087890625,3567.330078125,3567.7900390625,3567.7900390625,5284810000.0
2020-11-25,0.5211470683590957,-1,3635.5,3635.5,3617.760009765625,3629.64990234375,3629.64990234375,4910440000.0
2020-12-02,0.5651032207432306,-1,3653.780029296875,3670.9599609375,3644.840087890625,3669.010009765625,3669.010009765625,5041250000.0
2020-12-09,0.5975541541288624,-1,3705.97998046875,3712.389892578125,3660.5400390625,3672.820068359375,3672.820068359375,5232800000.0
2020-12-16,0.5447851663376605,-1,3696.25,3711.27001953125,3688.570068359375,3701.169921875,3701.169921875,4067040000.0
2020-12-23,0.5198986829502484,-1,3693.419921875,3711.239990234375,3689.280029296875,3690.010009765625,3690.010009765625,3779160000.0
2020-12-30,0.5392292341069069,-1,3736.18994140625,3744.6298828125,3730.2099609375,3732.0400390625,3732.0400390625,3154850000.0
2021-01-06,0.5534849601895794,-1,3712.199951171875,3783.0400390625,3705.340087890625,3748.139892578125,3748.139892578125,6064110000.0
2021-01-13,0.5912344027907408,-1,3802.22998046875,3820.9599609375,3791.5,3809.840087890625,3809.840087890625,4602510000.0
2021-01-20,0.6395714609956731,1,3816.219970703125,3859.75,3816.219970703125,3851.85009765625,3851.85009765625,4566190000.0
2021-01-27,0.6742195806301101,1,3836.830078125,3836.830078125,3732.47998046875,3750.77001953125,3750.77001953125,9976520000.0
2021-02-03,0.6923379479892433,1,3840.27001953125,3847.510009765625,3816.679931640625,3830.169921875,3830.169921875,4864870000.0
2021-02-10,0.6749179852447076,1,3920.780029296875,3931.5,3884.93994140625,3909.8798828125,3909.8798828125,4837070000.0
2021-02-17,0.6588273806272541,1,3918.5,3933.610107421875,3900.429931640625,3931.330078125,3931.330078125,4730650000.0
2021-02-24,0.6435908058072456,1,3873.7099609375,3928.64990234375,3859.60009765625,3925.429931640625,3925.429931640625,6012790000.0
2021-03-03,0.6592701161316863,1,3863.989990234375,3874.469970703125,3818.860107421875,3819.719970703125,3819.719970703125,6173660000.0
2021-03-10,0.654964685247239,1,3891.989990234375,3917.35009765625,3885.72998046875,3898.81005859375,3898.81005859375,5847380000.0
2021-03-17,0.6444548060662254,1,3949.570068359375,3983.8701171875,3935.739990234375,3974.1201171875,3974.1201171875,4561660000.0
2021-03-24,0.6332659357396159,1,3919.929931640625,3942.080078125,3889.070068359375,3889.139892578125,3889.139892578125,4783020000.0
2021-03-31,0.6163510058872248,-1,3967.25,3994.409912109375,3966.97998046875,3972.889892578125,3972.889892578125,4578050000.0
2021-04-07,0.6067281637359316,-1,4074.2900390625,4083.1298828125,4068.31005859375,4079.949951171875,4079.949951171875,4120810000.0
2021-04-14,0.5936112041019083,-1,4141.580078125,4151.68994140625,4120.8701171875,4124.66015625,4124.66015625,3985350000.0
2021-04-21,0.5833285165166552,-1,4128.419921875,4175.02001953125,4126.35009765625,4173.419921875,4173.419921875,3887250000.0
2021-04-28,0.5994424626722356,-1,4185.14013671875,4201.52978515625,4181.77978515625,4183.18017578125,4183.18017578125,3787360000.0
2021-05-05,0.607322720341565,-1,4177.06005859375,4187.72021484375,4160.93994140625,4167.58984375,4167.58984375,4230920000.0
2021-05-12,0.5908706366983543,-1,4130.5498046875,4134.72998046875,4056.8798828125,4063.0400390625,4063.0400390625,4733070000.0
2021-05-19,0.6028550083527325,-1,4098.4501953125,4116.93017578125,4061.409912109375,4115.68017578125,4115.68017578125,4247450000.0
2021-05-26,0.6164136232540035,-1,4191.58984375,4202.60986328125,4184.10986328125,4195.990234375,4195.990234375,4420890000.0
2021-06-02,0.6336108094234438,1,4206.81982421875,4217.3701171875,4198.27001953125,4208.1201171875,4208.1201171875,5833670000.0
2021-06-09,0.6002561111903063,-1,4232.990234375,4237.08984375,4218.740234375,4219.5498046875,4219.5498046875,4713260000.0
2021-06-16,0.5586443018434765,-1,4248.8701171875,4251.89013671875,4202.4501953125,4223.7001953125,4223.7001953125,4538350000.0
2021-06-23,0.514806521388256,-1,4249.27001953125,4256.60009765625,4241.43017578125,4241.83984375,4241.83984375,3730350000.0
2021-06-30,0.5521855033576308,-1,4290.64990234375,4302.43017578125,4287.9599609375,4297.5,4297.5,4266040000.0
2021-07-07,0.5772514242060833,-1,4351.009765625,4361.8798828125,4329.7900390625,4358.1298828125,4358.1298828125,4037380000.0
2021-07-14,0.5913442874959945,-1,4380.10986328125,4393.68017578125,4362.35986328125,4374.2998046875,4374.2998046875,4006370000.0
2021-07-21,0.6126262263953199,-1,4331.1298828125,4359.7001953125,4331.1298828125,4358.68994140625,4358.68994140625,3810280000.0
2021-07-28,0.6361967135386778,1,4402.9501953125,4415.47021484375,4387.009765625,4400.64013671875,4400.64013671875,4215290000.0
2021-08-04,0.6529412522867156,1,4415.9501953125,4416.169921875,4400.22998046875,4402.66015625,4402.66015625,4260760000.0
2021-08-11,0.6301663071866597,1,4442.18017578125,4449.43994140625,4436.419921875,4442.41015625,4442.41015625,3532560000.0
2021-08-18,0.6028930792202278,-1,4440.93994140625,4454.31982421875,4397.58984375,4400.27001953125,4400.27001953125,3755590000.0
2021-08-25,0.5773224391635345,-1,4490.4501953125,4501.7099609375,4485.66015625,4496.18994140625,4496.18994140625,3444700000.0
2021-09-01,0.6019753856217226,-1,4528.7998046875,4537.10986328125,4522.02001953125,4524.08984375,4524.08984375,4057340000.0
2021-09-08,0.58768664238325,-1,4518.08984375,4521.7900390625,4493.9501953125,4514.06982421875,4514.06982421875,3750880000.0
2021-09-15,0.580477042870692,-1,4447.490234375,4486.8701171875,4438.3701171875,4480.7001953125,4480.7001953125,4032020000.0
2021-09-22,0.5743356329176357,-1,4367.43017578125,4416.75,4367.43017578125,4395.64013671875,4395.64013671875,3939170000.0
2021-09-29,0.565696445285075,-1,4362.41015625,4385.56982421875,4355.080078125,4359.4599609375,4359.4599609375,3712660000.0
2021-10-06,0.5723393598709201,-1,4319.56982421875,4365.56982421875,4290.490234375,4363.5498046875,4363.5498046875,4009630000.0
2021-10-13,0.5857331186327925,-1,4358.009765625,4372.8701171875,4329.919921875,4363.7998046875,4363.7998046875,3620070000.0
2021-10-20,0.5985929577396064,-1,4524.419921875,4540.8701171875,4524.39990234375,4536.18994140625,4536.18994140625,3670760000.0
2021-10-27,0.6039088640909224,-1,4580.22021484375,4584.56982421875,4551.66015625,4551.68017578125,4551.68017578125,4226050000.0
2021-11-03,0.6122460724487552,-1,4630.64990234375,4663.4599609375,4621.18994140625,4660.56982421875,4660.56982421875,4319660000.0
2021-11-10,0.5915327155244353,-1,4670.259765625,4684.85009765625,4630.85986328125,4646.7099609375,4646.7099609375,4503720000.0
2021-11-17,0.5819284816477565,-1,4701.5,4701.5,4684.41015625,4688.669921875,4688.669921875,3969070000.0
2021-11-24,0.6186024271580003,-1,4675.77978515625,4702.8701171875,4659.89013671875,4701.4599609375,4701.4599609375,3418430000.0
2021-12-01,0.6659152551233134,1,4602.81982421875,4652.93994140625,4510.27001953125,4513.0400390625,4513.0400390625,5366730000.0
2021-12-08,0.653906392935399,1,4690.85986328125,4705.06005859375,4674.52001953125,4701.2099609375,4701.2099609375,4234600000.0
2021-12-15,0.6292636442800673,1,4636.4599609375,4712.60009765625,4611.22021484375,4709.85009765625,4709.85009765625,4910130000.0
2021-12-22,0.5933277797901896,-1,4650.35986328125,4697.669921875,4645.52978515625,4696.56005859375,4696.56005859375,3319610000.0
2021-12-29,0.5442354976610262,-1,4788.64013671875,4804.06005859375,4778.080078125,4793.06005859375,4793.06005859375,2963310000.0
2022-01-05,0.5314335553035658,-1,4787.990234375,4797.7001953125,4699.43994140625,4700.580078125,4700.580078125,4887960000.0
2022-01-12,0.579756656863264,-1,4728.58984375,4748.830078125,4706.7099609375,4726.35009765625,4726.35009765625,4048220000.0
2022-01-19,0.6133865051956577,-1,4588.02978515625,4611.5498046875,4530.2001953125,4532.759765625,4532.759765625,4465740000.0
2022-01-26,0.6414182126994311,1,4408.43017578125,4453.22998046875,4304.7998046875,4349.93017578125,4349.93017578125,5570640000.0
2022-02-02,0.6594558765422203,1,4566.39013671875,4595.31005859375,4544.31982421875,4589.3798828125,4589.3798828125,4481580000.0
2022-02-09,0.62600073520863,1,4547.0,4590.02978515625,4547.0,4587.18017578125,4587.18017578125,4524350000.0
2022-02-16,0.590307318361532,-1,4455.75,4489.5498046875,4429.68017578125,4475.009765625,4475.009765625,4283640000.0
2022-02-23,0.5694954931652996,-1,4324.93017578125,4341.509765625,4221.509765625,4225.5,4225.5,4797430000.0
2022-03-02,0.601166723502294,-1,4322.56005859375,4401.47998046875,4322.56005859375,4386.5400390625,4386.5400390625,5337870000.0
2022-03-09,0.6017793980957129,-1,4223.10009765625,4299.39990234375,4223.10009765625,4277.8798828125,4277.8798828125,5662670000.0
2022-03-16,0.600096563702742,-1,4288.14013671875,4358.89990234375,4251.990234375,4357.85986328125,4357.85986328125,6309750000.0
2022-03-23,0.5872389322882806,-1,4493.10009765625,4501.06982421875,4455.81005859375,4456.240234375,4456.240234375,4550670000.0
2022-03-30,0.5680586241165548,-1,4624.2001953125,4627.77001953125,4581.31982421875,4602.4501953125,4602.4501953125,4385570000.0
2022-04-06,0.5725968783986087,-1,4494.169921875,4503.93994140625,4450.0400390625,4481.14990234375,4481.14990234375,4986830000.0
2022-04-13,0.5754946007183538,-1,4394.2998046875,4453.919921875,4392.7001953125,4446.58984375,4446.58984375,3828150000.0
2022-04-20,0.6040075838965692,-1,4472.259765625,4488.2900390625,4448.759765625,4459.4501953125,4459.4501953125,4290450000.0
2022-04-27,0.6355229713934201,1,4186.52001953125,4240.7099609375,4162.89990234375,4183.9599609375,4183.9599609375,4769680000.0
2022-05-04,0.6584185819660051,1,4181.18017578125,4307.66015625,4148.91015625,4300.169921875,4300.169921875,5136360000.0
2022-05-11,0.6282412926635603,1,3990.080078125,4049.090087890625,3928.820068359375,3935.179931640625,3935.179931640625,5816140000.0
2022-05-18,0.6152367894177735,-1,4051.97998046875,4051.97998046875,3911.909912109375,3923.679931640625,3923.679931640625,5103220000.0
2022-05-25,0.6257851906091687,1,3929.590087890625,3999.330078125,3925.030029296875,3978.72998046875,3978.72998046875,4802560000.0
2022-06-01,0.6378068497864112,1,4149.77978515625,4166.5400390625,4073.85009765625,4101.22998046875,4101.22998046875,4531800000.0
2022-06-08,0.6364077722199023,1,4147.1201171875,4160.14013671875,4107.2001953125,4115.77001953125,4115.77001953125,4159470000.0
2022-06-15,0.629892105916554,1,3764.050048828125,3837.56005859375,3722.300048828125,3789.989990234375,3789.989990234375,5530480000.0
2022-06-22,0.6235991762111042,1,3733.889892578125,3801.7900390625,3717.68994140625,3759.889892578125,3759.889892578125,5058990000.0
2022-06-29,0.6135530635039403,-1,3825.090087890625,3836.5,3799.02001953125,3818.830078125,3818.830078125,4211240000.0
2022-07-06,0.5900316714688052,-1,3831.97998046875,3870.909912109375,3809.3701171875,3845.080078125,3845.080078125,4417720000.0
2022-07-13,0.5790484830690417,-1,3779.669921875,3829.43994140625,3759.070068359375,3801.780029296875,3801.780029296875,4109390000.0
2022-07-20,0.584267046291756,-1,3935.320068359375,3974.1298828125,3922.030029296875,3959.89990234375,3959.89990234375,4185300000.0
2022-07-27,0.5870415403454828,-1,3951.429931640625,4039.56005859375,3951.429931640625,4023.610107421875,4023.610107421875,4112180000.0
2022-08-03,0.60567041261761,-1,4107.9599609375,4167.66015625,4107.9599609375,4155.169921875,4155.169921875,4351760000.0
2022-08-10,0.6261107946191704,1,4181.02001953125,4211.02978515625,4177.259765625,4210.240234375,4210.240234375,4546010000.0
2022-08-17,0.6469961359534271,1,4280.39990234375,4302.18017578125,4253.080078125,4274.0400390625,4274.0400390625,3885030000.0
2022-08-24,0.6603920134024284,1,4126.5498046875,4156.56005859375,4119.97021484375,4140.77001953125,4140.77001953125,3583630000.0
2022-08-31,0.671196064873371,1,4000.669921875,4015.3701171875,3954.530029296875,3955.0,3955.0,4542490000.0
2022-09-07,0.6829719574511197,1,3909.429931640625,3987.889892578125,3906.030029296875,3979.8701171875,3979.8701171875,3890320000.0
2022-09-14,0.6951339913522276,1,3940.72998046875,3961.93994140625,3912.179931640625,3946.010009765625,3946.010009765625,4293240000.0
2022-09-21,0.7049589306963981,1,3871.39990234375,3907.070068359375,3789.489990234375,3789.929931640625,3789.929931640625,4078330000.0
2022-09-28,0.7124257999499066,1,3651.93994140625,3736.739990234375,3640.610107421875,3719.0400390625,3719.0400390625,4684850000.0
2022-10-05,0.7167078792763762,1,3753.25,3806.909912109375,3722.659912109375,3783.280029296875,3783.280029296875,4293180000.0
2022-10-12,0.7185608809467819,1,3590.830078125,3608.340087890625,3573.860107421875,3577.030029296875,3577.030029296875,4006830000.0
2022-10-19,0.7192443966470758,1,3703.110107421875,3728.580078125,3666.510009765625,3695.159912109375,3695.159912109375,4223800000.0
2022-10-26,0.7187913998958525,1,3825.969970703125,3886.14990234375,3824.070068359375,3830.60009765625,3830.60009765625,4817310000.0
2022-11-02,0.7190304790362911,1,3852.89990234375,3894.43994140625,3758.679931640625,3759.68994140625,3759.68994140625,4899000000.0
2022-11-09,0.7179597433981362,1,3810.93994140625,3818.199951171875,3744.219970703125,3748.570068359375,3748.570068359375,4645010000.0
2022-11-16,0.7246774507604105,1,3976.820068359375,3983.090087890625,3954.340087890625,3958.7900390625,3958.7900390625,4165320000.0
2022-11-23,0.7255163577545084,1,4000.300048828125,4033.780029296875,3998.659912109375,4027.260009765625,4027.260009765625,3279720000.0
2022-11-30,0.7227000212892383,1,3957.179931640625,4080.110107421875,3938.580078125,4080.110107421875,4080.110107421875,6579360000.0
2022-12-07,0.7096324618524499,1,3933.280029296875,3957.570068359375,3922.679931640625,3933.919921875,3933.919921875,4118050000.0
2022-12-14,0.7140351566594346,1,4015.5400390625,4053.760009765625,3965.64990234375,3995.320068359375,3995.320068359375,4472340000.0
2022-12-21,0.7229793474485993,1,3839.489990234375,3889.820068359375,3839.489990234375,3878.43994140625,3878.43994140625,3775200000.0
2022-12-28,0.7269769352003399,1,3829.56005859375,3848.320068359375,3780.780029296875,3783.219970703125,3783.219970703125,3083520000.0
