,market,idt,maturity_target,mu,sd,skew,kurt,p10,p50,p90,lg_change_decr,prDec,lg_change_incr,prInc
6892,pound,4/29/2011,3.0,-0.00203311,0.048537042,-0.326349704,0.713841455,-0.062990991,-0.000361868,0.056491232,-10.0,0.033301906,10.0,0.0147656
6893,pound,5/31/2011,3.0,-0.001342048,0.051231771,-0.357944106,0.598962909,-0.067134763,0.0012908,0.060340084,-10.0,0.038263306,10.0,0.018064558
6894,pound,6/29/2011,3.0,-0.001974911,0.051605685,-0.56378805,0.665355123,-0.069733491,0.002639862,0.058864178,-10.0,0.044720068,10.0,0.011282855
6895,pound,7/29/2011,3.0,-0.001980573,0.049081177,-0.377778963,0.597773801,-0.065126585,0.000737773,0.056929535,-10.0,0.034678722,10.0,0.013294085
6896,pound,8/11/2011,3.0,-0.002220571,0.053799487,-0.471745269,0.866807937,-0.071514845,0.001533908,0.06104094,-10.0,0.048503882,10.0,0.020784427
6897,pound,8/26/2011,3.0,-0.000857558,0.056363599,-0.458610592,0.663427948,-0.073477574,0.002517549,0.066975111,-10.0,0.051359465,10.0,0.024979729
6898,pound,9/8/2011,3.0,-0.001196345,0.063403417,-0.439206359,0.646518806,-0.083480751,0.003122027,0.074149223,-10.0,0.069084114,10.0,0.041633984
6899,pound,9/23/2011,3.0,-0.000219545,0.069608144,-0.476248468,0.564558136,-0.091877864,0.005355822,0.082492059,-10.0,0.085141685,10.0,0.056950446
6900,pound,10/6/2011,3.0,0.000946561,0.062960482,-0.530041704,0.776531429,-0.080720421,0.00588251,0.075138258,-10.0,0.066573778,10.0,0.040483079
6901,pound,10/20/2011,3.0,0.001641552,0.057052307,-0.521768175,0.710241416,-0.072845845,0.006066659,0.069161641,-10.0,0.051098362,10.0,0.02701779
6902,pound,11/3/2011,3.0,-0.001062695,0.051229832,-0.371344127,0.356485102,-0.069301722,0.003030052,0.059145516,-10.0,0.039080252,10.0,0.01640391
6903,pound,11/17/2011,3.0,-0.000830009,0.056060748,-0.584725797,0.906872775,-0.073070366,0.003613376,0.06497412,-10.0,0.052949535,10.0,0.021213737
6904,pound,12/1/2011,3.0,-0.000368061,0.061128496,-0.578544444,1.011221788,-0.078580766,0.004289776,0.071053965,-10.0,0.062391854,10.0,0.033949586
6905,pound,12/15/2011,3.0,0.00025415,0.059171111,-0.573336967,0.885660627,-0.076366798,0.005094403,0.069411238,-10.0,0.058156588,10.0,0.029235308
6906,pound,12/29/2011,3.0,0.000477069,0.056028193,-0.459123148,0.735253213,-0.071704044,0.004065241,0.066508606,-10.0,0.04873962,10.0,0.026640504
6907,pound,1/12/2012,3.0,0.000487391,0.048645371,-0.329537452,0.581738868,-0.061622542,0.002823446,0.059307788,-10.0,0.030120334,10.0,0.015774002
6908,pound,1/26/2012,3.0,0.0006204,0.042704916,-0.217227307,0.459030112,-0.054053081,0.001958585,0.052765335,-10.0,0.016532709,10.0,0.00889139
6909,pound,2/9/2012,3.0,0.001284233,0.036800484,-0.303481582,0.508753288,-0.046310487,0.002344855,0.045901649,-10.0,0.008656167,10.0,0.002345223
6910,pound,2/23/2012,3.0,0.00117818,0.035649501,-0.11044708,0.676320611,-0.043877217,0.00109062,0.044180449,-10.0,0.006269319,10.0,0.004391931
6911,pound,3/8/2012,3.0,-0.000586865,0.042776761,-0.337914972,0.658117029,-0.055167655,0.001353803,0.050606723,-10.0,0.019999465,10.0,0.007298143
6912,pound,3/22/2012,3.0,-4.41e-05,0.043777047,-0.356940501,0.557120881,-0.056438941,0.00195931,0.052754375,-10.0,0.02158139,10.0,0.007611461
6913,pound,4/5/2012,3.0,0.000191406,0.041644159,-0.302084088,0.512365341,-0.053570958,0.002151988,0.05027634,-10.0,0.016467535,10.0,0.006359441
6914,pound,4/19/2012,3.0,0.000602838,0.037942224,-0.296618413,0.472681197,-0.048120397,0.001834757,0.046503157,-10.0,0.009972689,10.0,0.003022304
6915,pound,5/3/2012,3.0,0.000873178,0.03540019,-0.247716775,0.553068138,-0.044349559,0.001454314,0.043893356,-10.0,0.006734034,10.0,0.00221353
6916,pound,5/17/2012,3.0,0.001628413,0.045863579,-0.221928948,0.506786124,-0.057255035,0.002802638,0.056666079,-10.0,0.022084847,10.0,0.014251913
6917,pound,5/31/2012,3.0,0.000148858,0.04981436,-0.522190849,0.712619453,-0.064592137,0.004311832,0.058934286,-10.0,0.037412483,10.0,0.012436073
6918,pound,6/14/2012,3.0,0.000719301,0.048816574,-0.588305998,0.854710859,-0.062876247,0.005125001,0.057557852,-10.0,0.035520899,10.0,0.01048169
6919,pound,6/28/2012,3.0,0.001037253,0.044284647,-0.552842078,0.792471429,-0.05654507,0.0046036,0.052929246,-10.0,0.025384264,10.0,0.005610836
6920,pound,7/12/2012,3.0,0.000836265,0.040978124,-0.37329489,0.470183379,-0.052555505,0.003445207,0.04996188,-10.0,0.015429367,10.0,0.004385317
6921,pound,7/26/2012,3.0,0.001128713,0.041240104,-0.258422766,0.283266813,-0.052606004,0.002667584,0.051478355,-10.0,0.013018874,10.0,0.005594162
6922,pound,8/9/2012,3.0,-0.000237761,0.041147462,-0.368819548,0.639289812,-0.053148397,0.001962347,0.049011912,-10.0,0.017127369,10.0,0.005223188
6923,pound,8/23/2012,3.0,-1.21e-05,0.038261632,-0.372894637,0.667238094,-0.049123942,0.00209026,0.04588974,-10.0,0.012362314,10.0,0.002951439
6924,pound,9/6/2012,3.0,6.02e-06,0.037447508,-0.361950797,0.642769154,-0.047836277,0.001790562,0.044814114,-10.0,0.010909705,10.0,0.002549639
6925,pound,9/20/2012,3.0,0.00026,0.03317,-0.31536,0.44757,-0.0424,0.00146,0.04036,-10.0,0.00444,10.0,0.0007
6926,pound,10/4/2012,3.0,0.0005,0.03408,-0.29376,0.35895,-0.0441,0.00215,0.04204,-10.0,0.00481,10.0,0.00096
6927,pound,10/18/2012,3.0,0.00069,0.0309,-0.26822,0.46936,-0.03935,0.00183,0.03828,-10.0,0.00245,10.0,0.00048
6928,pound,11/1/2012,3.0,0.00075,0.03059,-0.19931,0.411,-0.03865,0.00143,0.03776,-10.0,0.00189,10.0,0.00053
6929,pound,11/15/2012,3.0,0.00085,0.02789,-0.08763,0.45974,-0.03466,0.00093,0.03501,-10.0,0.00064,10.0,0.00037
6930,pound,11/29/2012,3.0,-0.00012,0.0297,-0.32353,0.53998,-0.03828,0.00129,0.0356,-10.0,0.0022,10.0,0.00023
6931,pound,12/13/2012,3.0,-2e-05,0.0276,-0.2601,0.46289,-0.03558,0.00093,0.03353,-10.0,0.00099,10.0,9e-05
6932,pound,12/27/2012,3.0,-6e-05,0.03232,-0.15989,0.29438,-0.04154,0.00052,0.03961,-10.0,0.00247,10.0,0.00087
6933,pound,1/10/2013,3.0,0.00015,0.02949,-0.15206,0.31487,-0.03789,0.00057,0.03626,-10.0,0.00113,10.0,0.00034
6934,pound,1/24/2013,3.0,0.00056,0.03429,-0.18483,0.41993,-0.04351,0.0013,0.04226,-10.0,0.00443,10.0,0.00186
6935,pound,2/7/2013,3.0,0.00078,0.0355,-0.15424,0.42659,-0.04477,0.00155,0.04441,-10.0,0.00543,10.0,0.00289
6936,pound,2/21/2013,3.0,0.00191,0.04298,-0.21139,0.30535,-0.05413,0.00311,0.05495,-10.0,0.01517,10.0,0.0089
6937,pound,3/7/2013,3.0,-0.00023,0.04233,-0.36044,0.53776,-0.0547,0.0018,0.05061,-10.0,0.01868,10.0,0.00584
6938,pound,3/21/2013,3.0,0.00016,0.0396,-0.34447,0.46845,-0.05132,0.00196,0.04811,-10.0,0.01328,10.0,0.00349
6939,pound,4/4/2013,3.0,0.00051,0.03662,-0.35893,0.43454,-0.04744,0.00269,0.04462,-10.0,0.00863,10.0,0.0016
6940,pound,4/18/2013,3.0,0.00075,0.03701,-0.32496,0.39924,-0.04749,0.00244,0.04533,-10.0,0.00843,10.0,0.00206
6941,pound,5/2/2013,3.0,0.00096,0.03355,-0.29203,0.46074,-0.04214,0.00217,0.0418,-10.0,0.00466,10.0,0.00098
6942,pound,5/30/2013,3.0,-1e-05,0.04167,-0.47247,0.56547,-0.05433,0.00304,0.04982,-10.0,0.01913,10.0,0.00341
6943,pound,6/13/2013,3.0,7e-05,0.0416,-0.38953,0.39225,-0.0545,0.0028,0.05004,-10.0,0.01671,10.0,0.004
6944,pound,6/27/2013,3.0,0.0006,0.04665,-0.44173,0.54094,-0.06031,0.00359,0.05634,-10.0,0.02833,10.0,0.00909
6945,pound,7/11/2013,3.0,0.00054,0.04792,-0.28932,0.28955,-0.06213,0.00287,0.05874,-10.0,0.0272,10.0,0.01325
6946,pound,7/25/2013,3.0,0.0012,0.04459,-0.31279,0.23125,-0.05742,0.00333,0.05531,-10.0,0.01954,10.0,0.00783
6947,pound,8/8/2013,3.0,0.00157,0.03851,-0.3453,0.42722,-0.04876,0.00323,0.04829,-10.0,0.01071,10.0,0.00283
6948,pound,8/22/2013,3.0,0.00223,0.04198,-0.32675,0.50499,-0.05153,0.00343,0.05279,-10.0,0.01626,10.0,0.00657
6949,pound,9/5/2013,3.0,0.00039,0.03909,-0.53301,0.6903,-0.05064,0.00312,0.04651,-10.0,0.01524,10.0,0.00168
6950,pound,9/19/2013,3.0,-5e-05,0.03529,-0.30492,0.47619,-0.04543,0.00146,0.04269,-10.0,0.00677,10.0,0.00145
6951,pound,10/3/2013,3.0,0.00017,0.03731,-0.20557,0.35267,-0.04799,0.00108,0.04565,-10.0,0.00782,10.0,0.0031
6952,pound,10/17/2013,3.0,0.0,0.03587,-0.05498,0.29962,-0.04561,2e-05,0.04474,-10.0,0.00445,10.0,0.00336
6953,pound,10/31/2013,3.0,0.0004,0.03629,-0.05906,0.30856,-0.04591,0.00073,0.04534,-10.0,0.00476,10.0,0.00379
6954,pound,11/14/2013,3.0,0.00093,0.03491,-0.08407,0.40575,-0.04388,0.00093,0.04388,-10.0,0.00411,10.0,0.00303
6955,pound,11/27/2013,3.0,0.00144,0.0399,0.03795,0.38351,-0.04843,4e-05,0.05056,-10.0,0.0074,10.0,0.00928
6956,pound,12/12/2013,3.0,-0.00041,0.0354,-0.14086,0.34119,-0.04564,1e-05,0.04328,-10.0,0.00514,10.0,0.0023
6957,pound,12/26/2013,3.0,-0.00032,0.03565,-0.10807,0.35564,-0.04573,1e-05,0.04349,-10.0,0.00507,10.0,0.0028
6958,pound,1/23/2014,3.0,0.00015,0.03349,-0.05677,0.23487,-0.04285,2e-05,0.04164,-10.0,0.00242,10.0,0.00169
6959,pound,2/6/2014,3.0,0.00067,0.03428,-0.10913,0.371,-0.04321,0.00078,0.04293,-10.0,0.00379,10.0,0.00227
6960,pound,2/20/2014,3.0,0.00093,0.03712,0.00932,0.28177,-0.04572,3e-05,0.0469,-10.0,0.00475,10.0,0.00521
6961,pound,3/6/2014,3.0,-0.00076,0.03364,-0.13674,0.41772,-0.04342,-0.00043,0.04078,-10.0,0.00389,10.0,0.0016
6962,pound,3/20/2014,3.0,-0.00031,0.03261,-0.17958,0.36551,-0.04218,0.0005,0.03969,-10.0,0.00303,10.0,0.00103
6963,pound,4/3/2014,3.0,-0.00012,0.02967,-0.1635,0.37203,-0.03857,0.00055,0.03635,-10.0,0.0013,10.0,0.00042
6964,pound,4/17/2014,3.0,0.0,0.02672,-0.07279,0.34014,-0.03375,2e-05,0.03296,-10.0,0.00033,10.0,0.00015
6965,pound,4/24/2014,3.0,4e-05,0.02557,-0.00161,0.27961,-0.03243,2e-05,0.03176,-10.0,0.00011,10.0,0.00011
6966,pound,5/1/2014,3.0,0.00031,0.02515,-0.04303,0.26475,-0.03186,2e-05,0.03128,-10.0,0.00011,10.0,6e-05
6967,pound,5/8/2014,3.0,0.00028,0.02574,0.04851,0.25907,-0.03235,2e-05,0.03261,-10.0,9e-05,10.0,0.00015
6968,pound,5/15/2014,3.0,0.00048,0.02546,0.02349,0.27266,-0.03171,3e-05,0.03219,-10.0,9e-05,10.0,0.00012
6969,pound,5/22/2014,3.0,-0.00119,0.02825,0.0053,0.38652,-0.03666,-0.00124,0.03409,-10.0,0.00053,10.0,0.00045
6970,pound,5/29/2014,3.0,-0.00101,0.02857,-0.02986,0.37959,-0.03708,-0.00085,0.03448,-10.0,0.00066,10.0,0.00045
6971,pound,6/5/2014,3.0,-0.00092,0.02734,-0.01612,0.36051,-0.03551,-0.00088,0.03302,-10.0,0.00037,10.0,0.00027
6972,pound,6/12/2014,3.0,-0.00074,0.02596,-0.01236,0.33626,-0.0336,-0.00092,0.03167,-10.0,0.00018,10.0,0.00013
6973,pound,6/19/2014,3.0,-0.00072,0.02583,-0.0091,0.35904,-0.03361,-0.00096,0.03121,-10.0,0.00018,10.0,0.00014
6974,pound,6/26/2014,3.0,-0.00053,0.02583,-0.01065,0.33367,-0.03316,-0.0005,0.03176,-10.0,0.00017,10.0,0.00012
6975,pound,7/3/2014,3.0,-0.00044,0.02428,0.01012,0.36533,-0.03111,-0.00052,0.02983,-10.0,7e-05,10.0,6e-05
6976,pound,7/10/2014,3.0,-0.00018,0.02607,-0.05335,0.25726,-0.03361,2e-05,0.03223,-10.0,0.00018,10.0,9e-05
6977,pound,7/17/2014,3.0,0.00013,0.02567,-0.12602,0.33446,-0.03284,0.00063,0.03151,-10.0,0.00024,10.0,6e-05
6978,pound,7/24/2014,3.0,0.00036,0.02525,-0.17296,0.35368,-0.03214,0.00068,0.0315,-10.0,0.00022,10.0,4e-05
6979,pound,7/31/2014,3.0,0.00051,0.02564,-0.17778,0.30347,-0.03259,0.00074,0.03198,-10.0,0.00024,10.0,4e-05
6980,pound,8/7/2014,3.0,0.00055,0.02462,-0.10757,0.23764,-0.03153,0.00082,0.03103,-10.0,0.0001,10.0,3e-05
6981,pound,8/14/2014,3.0,0.00059,0.02361,-0.05283,0.33922,-0.02983,3e-05,0.02945,-10.0,5e-05,10.0,3e-05
6982,pound,8/21/2014,3.0,0.00089,0.02471,-0.07466,0.30446,-0.03078,0.00117,0.0316,-10.0,0.0001,10.0,5e-05
6983,pound,8/28/2014,3.0,0.00099,0.02553,0.09884,0.35093,-0.03218,5e-05,0.03199,-10.0,6e-05,10.0,0.00024
6984,pound,9/4/2014,3.0,-0.0007,0.03217,-0.25265,0.4084,-0.04225,0.00046,0.03841,-10.0,0.00324,10.0,0.00069
6985,pound,9/10/2014,3.0,0.00037,0.04395,-0.63433,0.95948,-0.05677,0.00461,0.0512,-10.0,0.02657,10.0,0.00439
6986,pound,9/17/2014,3.0,0.00138,0.04133,-0.92108,1.5175,-0.05268,0.0072,0.04703,-10.0,0.02536,10.0,0.00115
6987,pound,9/24/2014,3.0,-0.00037,0.03194,-0.22885,0.53466,-0.04102,0.00052,0.03863,-10.0,0.00355,10.0,0.00078
6988,pound,10/1/2014,3.0,-0.0003,0.03321,-0.25324,0.4312,-0.04321,0.00055,0.04018,-10.0,0.00419,10.0,0.00094
6989,pound,10/8/2014,3.0,-0.00034,0.0336,-0.19368,0.3574,-0.04345,0.00058,0.04094,-10.0,0.00391,10.0,0.00124
6990,pound,10/15/2014,3.0,-1e-05,0.03614,-0.23202,0.37942,-0.04639,0.00122,0.04429,-10.0,0.00664,10.0,0.00221
6991,pound,10/22/2014,3.0,0.00014,0.03558,-0.2406,0.40405,-0.04601,0.00131,0.04337,-10.0,0.00635,10.0,0.00195
6992,pound,10/29/2014,3.0,0.00034,0.03101,-0.23639,0.42194,-0.03937,0.00143,0.03776,-10.0,0.00238,10.0,0.0005
6993,pound,11/5/2014,3.0,0.00063,0.03431,-0.24404,0.31444,-0.04393,0.00157,0.04213,-10.0,0.00457,10.0,0.00118
6994,pound,11/12/2014,3.0,0.00088,0.03421,-0.24236,0.34511,-0.04382,0.00179,0.04205,-10.0,0.00445,10.0,0.00129
6995,pound,11/19/2014,3.0,0.00115,0.03377,-0.23502,0.43914,-0.0428,0.00215,0.0421,-10.0,0.00446,10.0,0.00141
6996,pound,11/26/2014,3.0,0.00182,0.03446,-0.25521,0.30461,-0.04269,0.00287,0.0436,-10.0,0.00424,10.0,0.00122
6997,pound,12/3/2014,3.0,-0.00073,0.0363,-0.3759,0.55867,-0.04778,0.00133,0.04307,-10.0,0.00947,10.0,0.00147
6998,pound,12/10/2014,3.0,-0.00062,0.0364,-0.3357,0.47563,-0.04777,0.00093,0.04347,-10.0,0.00885,10.0,0.00154
6999,pound,12/17/2014,3.0,-0.00017,0.03716,-0.44422,0.61651,-0.04834,0.0024,0.04398,-10.0,0.01126,10.0,0.00144
7000,pound,12/24/2014,3.0,-0.00016,0.03646,-0.41355,0.59647,-0.0475,0.00201,0.04319,-10.0,0.00995,10.0,0.00146
7001,pound,12/31/2014,3.0,0.0002,0.03722,-0.42917,0.53547,-0.04852,0.00262,0.0446,-10.0,0.01079,10.0,0.00148
7002,pound,1/7/2015,3.0,0.00039,0.04351,-0.43328,0.46893,-0.05651,0.00333,0.05248,-10.0,0.02122,10.0,0.00536
7003,pound,1/14/2015,3.0,0.00054,0.03894,-0.4315,0.54058,-0.05038,0.00296,0.04685,-10.0,0.01305,10.0,0.00236
7004,pound,1/21/2015,3.0,0.00096,0.0428,-0.43587,0.59282,-0.05481,0.00381,0.05219,-10.0,0.01985,10.0,0.00538
7005,pound,1/28/2015,3.0,0.00093,0.04386,-0.36556,0.53659,-0.05607,0.00346,0.05347,-10.0,0.02071,10.0,0.00803
7006,pound,2/4/2015,3.0,0.00134,0.04441,-0.38598,0.52777,-0.05644,0.00377,0.05464,-10.0,0.02211,10.0,0.00821
7007,pound,2/11/2015,3.0,0.00127,0.04375,-0.29255,0.34629,-0.05597,0.00342,0.05441,-10.0,0.0182,10.0,0.0081
7008,pound,2/18/2015,3.0,0.00144,0.04074,-0.21573,0.28422,-0.05158,0.00203,0.05145,-10.0,0.0115,10.0,0.00593
7009,pound,2/25/2015,3.0,0.00097,0.03307,-0.0471,0.44606,-0.04121,4e-05,0.04196,-10.0,0.00268,10.0,0.00229
7010,pound,3/4/2015,3.0,0.0004,0.05031,-0.69947,0.96284,-0.06574,0.00578,0.05833,-10.0,0.04152,10.0,0.00906
7011,pound,3/11/2015,3.0,0.00014,0.06032,-0.62519,0.813,-0.07936,0.00648,0.06984,-10.0,0.06395,10.0,0.02826
7012,pound,3/18/2015,3.0,0.00018,0.06059,-0.55119,0.7754,-0.07872,0.00532,0.07114,-10.0,0.06176,10.0,0.03227
7013,pound,3/25/2015,3.0,0.00012,0.0619,-0.50873,0.70989,-0.08038,0.00508,0.07271,-10.0,0.06504,10.0,0.03706
7014,pound,4/1/2015,3.0,0.00073,0.06666,-0.54895,0.69953,-0.08692,0.00636,0.07902,-10.0,0.07627,10.0,0.04759
7015,pound,4/8/2015,3.0,0.00061,0.06291,-0.44442,0.55575,-0.08186,0.00507,0.07529,-10.0,0.06595,10.0,0.04197
7017,pound,4/22/2015,3.0,0.00056,0.05846,-0.29626,0.34904,-0.07571,0.00325,0.07137,-10.0,0.05281,10.0,0.03542
7018,pound,4/29/2015,3.0,0.00107,0.05619,-0.3361,0.42383,-0.07235,0.00355,0.06922,-10.0,0.04674,10.0,0.02967
7019,pound,5/6/2015,3.0,0.00209,0.06469,-0.35568,0.37803,-0.08308,0.00553,0.08014,-10.0,0.06777,10.0,0.05121
7020,pound,5/13/2015,3.0,0.00058,0.04481,-0.04554,0.27929,-0.05687,3e-05,0.05624,-10.0,0.01593,10.0,0.01442
7021,pound,5/20/2015,3.0,0.00118,0.04598,-0.07063,0.21757,-0.05763,0.00113,0.0585,-10.0,0.01823,10.0,0.01571
7022,pound,5/27/2015,3.0,0.00233,0.05163,-0.09542,0.22896,-0.06358,0.00304,0.0669,-10.0,0.02843,10.0,0.02677
7023,pound,6/3/2015,3.0,-0.00091,0.04361,-0.33593,0.49418,-0.05722,0.00135,0.05202,-10.0,0.02121,10.0,0.00702
7024,pound,6/10/2015,3.0,-0.00093,0.04484,-0.2876,0.40825,-0.05906,0.00094,0.0537,-10.0,0.02255,10.0,0.0089
7025,pound,6/17/2015,3.0,-0.00089,0.04182,-0.27731,0.50123,-0.05454,0.0005,0.04964,-10.0,0.01681,10.0,0.00631
7026,pound,6/24/2015,3.0,-0.00056,0.04076,-0.29308,0.49002,-0.05295,0.00103,0.04867,-10.0,0.01497,10.0,0.00511
7027,pound,7/1/2015,3.0,-0.00044,0.0402,-0.25469,0.47492,-0.05189,0.00108,0.04822,-10.0,0.01366,10.0,0.00513
7028,pound,7/8/2015,3.0,-0.00021,0.0422,-0.25814,0.41059,-0.05445,0.00115,0.05115,-10.0,0.01623,10.0,0.00695
7029,pound,7/15/2015,3.0,-0.0003,0.03923,-0.15419,0.33166,-0.05064,0.00062,0.04826,-10.0,0.00983,10.0,0.00501
7030,pound,7/22/2015,3.0,-0.00019,0.03949,-0.11425,0.32127,-0.05062,2e-05,0.04896,-10.0,0.00941,10.0,0.00576
7031,pound,7/29/2015,3.0,0.0,0.03797,-0.09465,0.32202,-0.04878,2e-05,0.04668,-10.0,0.00734,10.0,0.00459
7032,pound,8/5/2015,3.0,0.00017,0.0409,-0.0624,0.1863,-0.05278,2e-05,0.05129,-10.0,0.00988,10.0,0.00721
7033,pound,8/12/2015,3.0,0.00049,0.03588,-0.07097,0.27597,-0.04573,3e-05,0.04477,-10.0,0.0044,10.0,0.00321
7034,pound,8/19/2015,3.0,0.0008,0.03547,-0.04025,0.17738,-0.04532,3e-05,0.04563,-10.0,0.00353,10.0,0.00282
7035,pound,8/26/2015,3.0,0.00196,0.04896,-0.03376,0.20577,-0.06052,0.00154,0.06395,-10.0,0.02169,10.0,0.02216
7036,pound,9/2/2015,3.0,-0.00181,0.04037,-0.08727,0.38503,-0.05316,-0.00132,0.04795,-10.0,0.01154,10.0,0.00699
7037,pound,9/9/2015,3.0,-0.00167,0.04082,-0.07043,0.36874,-0.05337,-0.00137,0.04901,-10.0,0.01184,10.0,0.0077
7038,pound,9/16/2015,3.0,-0.00148,0.04082,-0.04969,0.29267,-0.05369,-0.00143,0.04932,-10.0,0.01085,10.0,0.00753
7039,pound,9/23/2015,3.0,-0.00122,0.04066,-0.1071,0.32472,-0.0531,-0.00049,0.04929,-10.0,0.01163,10.0,0.00676
7040,pound,9/30/2015,3.0,-0.00093,0.03902,-0.15416,0.45498,-0.05093,1e-05,0.04683,-10.0,0.01037,10.0,0.00528
7041,pound,10/7/2015,3.0,-0.00117,0.03556,0.04187,0.40578,-0.04578,-0.00167,0.04312,-10.0,0.00403,10.0,0.00413
7042,pound,10/14/2015,3.0,-0.00082,0.03512,-0.01163,0.37245,-0.04515,-0.00118,0.04313,-10.0,0.0039,10.0,0.00318
7043,pound,10/21/2015,3.0,-0.00056,0.03558,-0.00028,0.3582,-0.04534,-0.00063,0.04337,-10.0,0.00418,10.0,0.00368
7044,pound,10/28/2015,3.0,-0.00024,0.03555,-0.03778,0.32044,-0.04591,2e-05,0.04397,-10.0,0.00413,10.0,0.00331
7045,pound,11/4/2015,3.0,5e-05,0.03634,-0.01442,0.20758,-0.04631,2e-05,0.0459,-10.0,0.00429,10.0,0.0035
7046,pound,11/11/2015,3.0,0.00041,0.03644,-0.08607,0.25734,-0.04654,0.00091,0.04552,-10.0,0.00501,10.0,0.00339
7047,pound,11/18/2015,3.0,0.0,0.03409,-0.06413,0.20024,-0.04388,3e-05,0.0421,-10.0,0.00289,10.0,0.00184
7048,pound,11/25/2015,3.0,0.00141,0.03895,-0.05641,0.20451,-0.04843,0.00145,0.04917,-10.0,0.00641,10.0,0.00585
7049,pound,12/2/2015,3.0,-0.00069,0.04194,-0.26402,0.37162,-0.05503,0.0009,0.05047,-10.0,0.01611,10.0,0.00603
7050,pound,12/9/2015,3.0,-0.00045,0.03927,-0.271,0.41116,-0.05143,0.00093,0.04725,-10.0,0.01179,10.0,0.00389
7051,pound,12/16/2015,3.0,-0.00033,0.03766,-0.24579,0.51182,-0.04865,0.00097,0.04518,-10.0,0.00957,10.0,0.0034
7052,pound,12/23/2015,3.0,-0.00046,0.04282,-0.27363,0.36027,-0.05574,0.00102,0.0517,-10.0,0.01768,10.0,0.00668
7053,pound,12/31/2015,3.0,-0.00031,0.04358,-0.27591,0.39964,-0.05648,0.00161,0.05293,-10.0,0.01917,10.0,0.00786
7054,pound,1/6/2016,3.0,-0.00017,0.04038,-0.20759,0.56257,-0.05118,0.00057,0.04865,-10.0,0.0136,10.0,0.00663
7055,pound,1/13/2016,3.0,-0.00032,0.04109,-0.08693,0.40577,-0.05272,2e-05,0.05017,-10.0,0.0119,10.0,0.00865
7056,pound,1/20/2016,3.0,1e-05,0.04572,-0.11655,0.3102,-0.05876,0.00066,0.05647,-10.0,0.01966,10.0,0.01424
7057,pound,1/27/2016,3.0,0.00033,0.04374,-0.08713,0.33684,-0.05538,0.00072,0.05419,-10.0,0.01532,10.0,0.01214
7058,pound,2/3/2016,3.0,0.00035,0.0501,-0.01408,0.29848,-0.06366,2e-05,0.06288,-10.0,0.02633,10.0,0.02518
7061,pound,2/24/2016,3.0,0.00312,0.06401,-0.09757,0.17721,-0.07883,0.00406,0.08342,-10.0,0.05835,10.0,0.06021
7062,pound,3/2/2016,3.0,-0.00078,0.05679,-0.34192,0.61212,-0.07385,0.00223,0.06669,-10.0,0.05126,10.0,0.03062
7063,pound,3/9/2016,3.0,-0.00054,0.05384,-0.29391,0.48961,-0.06991,0.00186,0.0642,-10.0,0.04259,10.0,0.02504
7064,pound,3/16/2016,3.0,-9e-05,0.05294,-0.35488,0.51934,-0.06888,0.00291,0.06341,-10.0,0.04111,10.0,0.02183
7065,pound,3/23/2016,3.0,0.00051,0.05708,-0.43949,0.63279,-0.07387,0.00457,0.06794,-10.0,0.05177,10.0,0.02895
7066,pound,3/30/2016,3.0,2e-05,0.0539,-0.33057,0.54091,-0.06933,0.00269,0.06505,-10.0,0.04294,10.0,0.02503
7067,pound,4/6/2016,3.0,0.00027,0.05641,-0.29017,0.42271,-0.07289,0.00282,0.06839,-10.0,0.04764,10.0,0.03128
7068,pound,4/13/2016,3.0,0.00026,0.05584,-0.22811,0.39885,-0.07148,0.00182,0.06847,-10.0,0.04428,10.0,0.03189
7069,pound,4/20/2016,3.0,0.00019,0.05124,-0.14822,0.3318,-0.06552,0.00131,0.06334,-10.0,0.03224,10.0,0.02385
7070,pound,4/27/2016,3.0,0.00058,0.05023,-0.16394,0.24699,-0.06422,0.00143,0.06243,-10.0,0.02931,10.0,0.02089
7071,pound,5/4/2016,3.0,0.00097,0.05459,-0.16019,0.29239,-0.06992,0.00238,0.06805,-10.0,0.03978,10.0,0.03098
7072,pound,5/11/2016,3.0,0.00139,0.05202,-0.14177,0.34244,-0.06526,0.00183,0.06503,-10.0,0.03209,10.0,0.02724
7073,pound,5/18/2016,3.0,0.00182,0.05054,-0.13559,0.28139,-0.06324,0.00222,0.06385,-10.0,0.02877,10.0,0.024
7074,pound,5/25/2016,3.0,0.00265,0.05189,-0.16489,0.23549,-0.06511,0.00304,0.0669,-10.0,0.03047,10.0,0.02552
7075,pound,6/1/2016,3.0,0.00194,0.07198,-0.98461,1.4378,-0.09406,0.01363,0.07977,-10.0,0.09144,10.0,0.04236
7076,pound,6/8/2016,3.0,0.00087,0.07875,-0.86511,1.04992,-0.10748,0.01371,0.08768,-10.0,0.11084,10.0,0.06488
7077,pound,6/15/2016,3.0,0.00094,0.09659,-0.84577,0.89172,-0.13377,0.01746,0.10725,-10.0,0.14781,10.0,0.12095
7078,pound,6/22/2016,3.0,0.00311,0.0838,-1.0916,1.27028,-0.119,0.02204,0.08955,-10.0,0.12438,10.0,0.06411
7079,pound,6/29/2016,3.0,-0.00034,0.07268,-0.34688,0.64915,-0.09353,0.00356,0.08689,-10.0,0.08794,10.0,0.07044
7080,pound,7/6/2016,3.0,0.00054,0.07781,-0.43731,0.64641,-0.10091,0.00641,0.09259,-10.0,0.10168,10.0,0.08182
7081,pound,7/13/2016,3.0,0.00077,0.06602,-0.30722,0.46201,-0.0844,0.00398,0.08076,-10.0,0.06978,10.0,0.05586
7082,pound,7/20/2016,3.0,0.00099,0.06681,-0.28115,0.41412,-0.08506,0.00365,0.08235,-10.0,0.07172,10.0,0.05887
7083,pound,7/27/2016,3.0,0.00048,0.05451,-0.13014,0.49344,-0.06835,0.00133,0.06722,-10.0,0.0381,10.0,0.0327
7084,pound,8/3/2016,3.0,0.00101,0.05231,-0.16955,0.36268,-0.0657,0.00214,0.06515,-10.0,0.03381,10.0,0.0265
7085,pound,8/10/2016,3.0,0.00147,0.04615,-0.18764,0.36511,-0.05766,0.00238,0.05816,-10.0,0.02126,10.0,0.01421
7086,pound,8/17/2016,3.0,0.00133,0.04947,-0.0487,0.16623,-0.06246,0.00183,0.06327,-10.0,0.02339,10.0,0.02309
7087,pound,8/24/2016,3.0,0.00188,0.05153,-0.06874,0.28723,-0.06437,0.00222,0.06598,-10.0,0.02941,10.0,0.02836
7088,pound,8/31/2016,3.0,0.00212,0.05138,0.00301,0.33077,-0.06283,0.00145,0.06584,-10.0,0.02618,10.0,0.02986
7089,pound,9/7/2016,3.0,2e-05,0.04694,-0.3011,0.52816,-0.06019,0.00222,0.05676,-10.0,0.02673,10.0,0.01323
7090,pound,9/14/2016,3.0,4e-05,0.04836,-0.28435,0.3877,-0.06262,0.00231,0.05862,-10.0,0.02905,10.0,0.01492
7091,pound,9/21/2016,3.0,-0.0003,0.05079,-0.25848,0.35206,-0.06639,0.00193,0.06165,-10.0,0.03405,10.0,0.01943
7092,pound,9/28/2016,3.0,0.00013,0.05188,-0.25402,0.31902,-0.06745,0.00203,0.06366,-10.0,0.03599,10.0,0.02146
7093,pound,10/5/2016,3.0,0.0006,0.05191,-0.30385,0.4021,-0.0671,0.00319,0.06354,-10.0,0.03663,10.0,0.02111
7094,pound,10/12/2016,3.0,0.00111,0.06456,-0.34402,0.36946,-0.08306,0.00451,0.07952,-10.0,0.06809,10.0,0.05057
7095,pound,10/19/2016,3.0,0.00111,0.05828,-0.33789,0.51733,-0.07465,0.00421,0.07075,-10.0,0.05201,10.0,0.03542
7096,pound,10/26/2016,3.0,0.00101,0.05508,-0.26589,0.47071,-0.07027,0.00325,0.06767,-10.0,0.0434,10.0,0.03031
7097,pound,11/2/2016,3.0,0.00086,0.05861,-0.12415,0.31167,-0.07429,0.00211,0.07295,-10.0,0.04839,10.0,0.04188
7098,pound,11/9/2016,3.0,0.00096,0.05175,-0.07968,0.42117,-0.06471,0.00157,0.06467,-10.0,0.03141,10.0,0.02805
7099,pound,11/16/2016,3.0,0.0015,0.05035,-0.10791,0.38529,-0.06291,0.00179,0.0636,-10.0,0.02812,10.0,0.02477
7100,pound,11/23/2016,3.0,0.00176,0.05093,-0.07855,0.43567,-0.06232,0.00215,0.06389,-10.0,0.02889,10.0,0.02768
7101,pound,11/30/2016,3.0,0.00291,0.05581,-0.1432,0.23709,-0.07005,0.00428,0.07138,-10.0,0.03854,10.0,0.03626
7102,pound,12/7/2016,3.0,0.00075,0.05129,-0.35197,0.55916,-0.06567,0.00367,0.06173,-10.0,0.03677,10.0,0.02003
7103,pound,12/14/2016,3.0,0.00144,0.04954,-0.40786,0.6117,-0.06293,0.00478,0.06035,-10.0,0.03285,10.0,0.01593
7104,pound,12/21/2016,3.0,0.00154,0.05145,-0.42957,0.66231,-0.06539,0.005,0.06227,-10.0,0.03802,10.0,0.01952
7105,pound,12/28/2016,3.0,0.00153,0.05341,-0.34702,0.44106,-0.06826,0.00474,0.06554,-10.0,0.04038,10.0,0.02431
7106,pound,1/4/2017,3.0,0.00169,0.0529,-0.33444,0.48535,-0.06697,0.00443,0.06513,-10.0,0.03845,10.0,0.02447
7107,pound,1/11/2017,3.0,0.00177,0.05696,-0.31858,0.413,-0.07258,0.00472,0.07049,-10.0,0.04717,10.0,0.03365
7108,pound,1/18/2017,3.0,0.00207,0.05336,-0.36924,0.60454,-0.0667,0.00507,0.06615,-10.0,0.03905,10.0,0.02498
7109,pound,1/25/2017,3.0,0.00212,0.04909,-0.32274,0.38723,-0.06179,0.00414,0.06143,-10.0,0.02875,10.0,0.01633
7110,pound,2/1/2017,3.0,0.00193,0.05133,-0.25441,0.41118,-0.06422,0.00377,0.06478,-10.0,0.03296,10.0,0.02331
7111,pound,2/8/2017,3.0,0.00187,0.04952,-0.16954,0.3929,-0.06122,0.00257,0.06264,-10.0,0.02692,10.0,0.02179
7112,pound,2/15/2017,3.0,0.00191,0.04189,-0.14224,0.4404,-0.05158,0.00203,0.05341,-10.0,0.0129,10.0,0.0099
7113,pound,2/22/2017,3.0,0.002,0.0407,-0.09622,0.52497,-0.04901,0.00259,0.05203,-10.0,0.01095,10.0,0.00994
7114,pound,3/1/2017,3.0,0.00076,0.04933,-0.35387,0.62359,-0.06289,0.00386,0.05904,-10.0,0.03231,10.0,0.01729
7115,pound,3/8/2017,3.0,0.00114,0.04895,-0.34146,0.51907,-0.06241,0.00401,0.05959,-10.0,0.03067,10.0,0.01652
7116,pound,3/15/2017,3.0,0.00107,0.04828,-0.2343,0.57624,-0.06054,0.00279,0.05897,-10.0,0.02758,10.0,0.01867
7117,pound,3/22/2017,3.0,0.00148,0.04739,-0.26961,0.42164,-0.06015,0.00339,0.05884,-10.0,0.02501,10.0,0.01508
7118,pound,3/29/2017,3.0,0.00156,0.04662,-0.26372,0.44006,-0.05881,0.00356,0.05786,-10.0,0.02346,10.0,0.01432
7119,pound,4/5/2017,3.0,0.00142,0.04449,-0.21872,0.44661,-0.05593,0.00266,0.05546,-10.0,0.01871,10.0,0.01188
7120,pound,4/12/2017,3.0,0.00137,0.04244,-0.19387,0.38876,-0.05338,0.00282,0.05286,-10.0,0.01445,10.0,0.00935
7122,pound,4/26/2017,3.0,0.00122,0.04357,-0.11209,0.45522,-0.05405,0.00196,0.05464,-10.0,0.01578,10.0,0.01283
7123,pound,5/3/2017,3.0,0.0016,0.04106,-0.18663,0.44467,-0.05102,0.00214,0.05152,-10.0,0.01251,10.0,0.00785
7124,pound,5/10/2017,3.0,0.00149,0.03772,-0.14877,0.44734,-0.04629,0.0016,0.04745,-10.0,0.00781,10.0,0.00464
7125,pound,5/17/2017,3.0,0.00169,0.03886,-0.1472,0.3738,-0.04758,0.00183,0.05007,-10.0,0.00861,10.0,0.00552
7126,pound,5/24/2017,3.0,0.00206,0.04319,-0.1272,0.55647,-0.05202,0.00222,0.05422,-10.0,0.01575,10.0,0.0129
7127,pound,5/31/2017,3.0,0.00563,0.06596,-0.48577,0.61519,-0.08165,0.00993,0.0838,-10.0,0.0663,10.0,0.05652
7128,pound,6/7/2017,3.0,0.0022,0.04218,-0.4594,0.69778,-0.05252,0.00534,0.05202,-10.0,0.01862,10.0,0.00596
7129,pound,6/14/2017,3.0,0.00236,0.04131,-0.38906,0.63598,-0.05076,0.00463,0.0515,-10.0,0.0158,10.0,0.00591
7130,pound,6/21/2017,3.0,0.00226,0.04283,-0.40053,0.60166,-0.05353,0.00484,0.05333,-10.0,0.01838,10.0,0.00709
7131,pound,6/28/2017,3.0,0.00214,0.04116,-0.30386,0.52329,-0.05082,0.00407,0.05158,-10.0,0.01402,10.0,0.00683
7132,pound,7/5/2017,3.0,0.00232,0.03992,-0.24093,0.51491,-0.04911,0.00375,0.05079,-10.0,0.01144,10.0,0.00658
7133,pound,7/12/2017,3.0,0.00175,0.03778,-0.21611,0.51428,-0.04678,0.00285,0.04733,-10.0,0.00825,10.0,0.00473
7134,pound,7/19/2017,3.0,0.00228,0.03797,-0.26689,0.52302,-0.04624,0.00365,0.04826,-10.0,0.00909,10.0,0.00414
7135,pound,7/26/2017,3.0,0.00267,0.0365,-0.26818,0.40844,-0.04453,0.00394,0.04706,-10.0,0.00648,10.0,0.00266
7136,pound,8/2/2017,3.0,0.00222,0.03723,-0.18944,0.45296,-0.04518,0.00285,0.0474,-10.0,0.0071,10.0,0.00417
7137,pound,8/9/2017,3.0,0.00241,0.03751,-0.2176,0.4775,-0.04548,0.00317,0.04822,-10.0,0.00793,10.0,0.0041
7138,pound,8/16/2017,3.0,0.00209,0.03725,-0.17796,0.52507,-0.04573,0.00274,0.04742,-10.0,0.00741,10.0,0.00468
7139,pound,8/23/2017,3.0,0.00207,0.03751,-0.10311,0.36635,-0.04643,0.00222,0.04778,-10.0,0.00635,10.0,0.00519
7140,pound,8/30/2017,3.0,0.0026,0.03774,-0.18149,0.31967,-0.0468,0.00304,0.0492,-10.0,0.00677,10.0,0.00389
7141,pound,9/6/2017,3.0,0.00218,0.04031,-0.3403,0.60519,-0.0499,0.00443,0.05005,-10.0,0.01345,10.0,0.00601
7142,pound,9/13/2017,3.0,0.00198,0.04121,-0.23678,0.53398,-0.05095,0.00323,0.05164,-10.0,0.01348,10.0,0.0082
7143,pound,9/20/2017,3.0,0.00148,0.04454,-0.11716,0.39896,-0.0552,0.00241,0.05619,-10.0,0.01661,10.0,0.01423
7144,pound,9/27/2017,3.0,0.00187,0.04247,-0.20598,0.44617,-0.05257,0.00303,0.05362,-10.0,0.01473,10.0,0.00956
7145,pound,10/4/2017,3.0,0.00169,0.04087,-0.14317,0.45507,-0.05038,0.00266,0.05141,-10.0,0.01134,10.0,0.00874
7146,pound,10/11/2017,3.0,0.00201,0.04345,-0.22494,0.44169,-0.05397,0.00338,0.05447,-10.0,0.01657,10.0,0.01077
7148,pound,10/25/2017,3.0,0.00204,0.04046,-0.23426,0.44727,-0.05003,0.00325,0.05152,-10.0,0.01207,10.0,0.00652
7149,pound,11/1/2017,3.0,0.00183,0.04052,-0.14137,0.35231,-0.05032,0.00281,0.05149,-10.0,0.01024,10.0,0.00769
7150,pound,11/8/2017,3.0,0.00198,0.03554,-0.20708,0.39542,-0.04392,0.00312,0.04515,-10.0,0.0053,10.0,0.00255
7151,pound,11/15/2017,3.0,0.00213,0.04025,-0.17648,0.33604,-0.05017,0.00268,0.05156,-10.0,0.01035,10.0,0.00662
7152,pound,11/22/2017,3.0,0.00281,0.03663,-0.32462,0.43326,-0.04496,0.00427,0.0473,-10.0,0.00749,10.0,0.00229
7153,pound,11/29/2017,3.0,0.00311,0.04265,-0.20629,0.43989,-0.05131,0.00428,0.05474,-10.0,0.01418,10.0,0.00982
7154,pound,12/6/2017,3.0,0.0025,0.04238,-0.3965,0.57136,-0.05288,0.00528,0.05271,-10.0,0.01738,10.0,0.00719
7155,pound,12/13/2017,3.0,0.00236,0.03829,-0.27017,0.68354,-0.04681,0.00412,0.04785,-10.0,0.00998,10.0,0.00553
7156,pound,12/20/2017,3.0,0.00279,0.03569,-0.36375,0.61042,-0.04335,0.00478,0.04536,-10.0,0.007,10.0,0.00211
7157,pound,12/27/2017,3.0,0.00277,0.03449,-0.34103,0.5727,-0.04177,0.00451,0.04415,-10.0,0.0055,10.0,0.00165
7158,pound,1/3/2018,3.0,0.00249,0.03433,-0.30631,0.61243,-0.04146,0.00419,0.0436,-10.0,0.00541,10.0,0.00189
7159,pound,1/10/2018,3.0,0.00252,0.03188,-0.22143,0.5359,-0.03814,0.00333,0.04131,-10.0,0.0026,10.0,0.00121
7160,pound,1/17/2018,3.0,0.0022,0.03885,-0.09684,0.34596,-0.04732,0.00237,0.05025,-10.0,0.00722,10.0,0.00669
7161,pound,1/24/2018,3.0,0.00173,0.04412,-0.04431,0.41343,-0.05415,0.00191,0.05645,-10.0,0.01457,10.0,0.01506
7162,pound,1/31/2018,3.0,0.00252,0.04522,-0.09339,0.52469,-0.05464,0.00274,0.05737,-10.0,0.0178,10.0,0.01747
7163,pound,2/7/2018,3.0,0.00299,0.04963,-0.23198,0.45285,-0.0611,0.00452,0.06333,-10.0,0.02821,10.0,0.02218
7164,pound,2/14/2018,3.0,0.00299,0.04925,-0.19227,0.34803,-0.06035,0.00426,0.06346,-10.0,0.02562,10.0,0.02135
7165,pound,2/21/2018,3.0,0.00301,0.04923,-0.14985,0.41045,-0.05979,0.00403,0.06315,-10.0,0.02498,10.0,0.02328
7166,pound,2/28/2018,3.0,0.00286,0.04366,-0.10064,0.34532,-0.05292,0.00259,0.05579,-10.0,0.01379,10.0,0.01378
7167,pound,3/7/2018,3.0,0.00302,0.04601,-0.26702,0.49632,-0.05675,0.00534,0.05833,-10.0,0.02134,10.0,0.01528
7168,pound,3/14/2018,3.0,0.0031,0.04282,-0.21654,0.46924,-0.05222,0.00463,0.05458,-10.0,0.01454,10.0,0.0111
7169,pound,3/21/2018,3.0,0.00297,0.04166,-0.15451,0.47522,-0.05048,0.00388,0.05333,-10.0,0.01184,10.0,0.01056
7170,pound,3/28/2018,3.0,0.00275,0.0423,-0.18569,0.37531,-0.05188,0.00407,0.05449,-10.0,0.01296,10.0,0.01004
7171,pound,4/4/2018,3.0,0.00262,0.04047,-0.17855,0.49486,-0.04927,0.00372,0.05141,-10.0,0.01073,10.0,0.00857
7172,pound,4/11/2018,3.0,0.00218,0.0371,-0.11606,0.36925,-0.0452,0.00282,0.04745,-10.0,0.00568,10.0,0.00481
7173,pound,4/18/2018,3.0,0.00243,0.03843,-0.13489,0.34437,-0.04701,0.00301,0.04951,-10.0,0.0069,10.0,0.00584
7174,pound,4/25/2018,3.0,0.0026,0.04074,-0.15218,0.32467,-0.05003,0.00325,0.05277,-10.0,0.01024,10.0,0.00804
7176,pound,5/9/2018,3.0,0.00271,0.04083,-0.07393,0.36559,-0.04953,0.00317,0.05282,-10.0,0.00937,10.0,0.00986
7177,pound,5/16/2018,3.0,0.00275,0.03878,-0.12259,0.36606,-0.04666,0.00364,0.05007,-10.0,0.00736,10.0,0.00664
7178,pound,5/23/2018,3.0,0.00272,0.03975,-0.08561,0.38587,-0.04867,0.00332,0.051,-10.0,0.00858,10.0,0.00834
7179,pound,5/30/2018,3.0,0.00266,0.04363,0.00287,0.33346,-0.05289,0.00154,0.05658,-10.0,0.01178,10.0,0.01481
7180,pound,6/6/2018,3.0,0.00355,0.0388,-0.31332,0.55739,-0.0469,0.00578,0.0499,-10.0,0.00975,10.0,0.00539
7181,pound,6/13/2018,3.0,0.00342,0.03882,-0.2778,0.58468,-0.04688,0.00509,0.04974,-10.0,0.00962,10.0,0.00598
7182,pound,6/20/2018,3.0,0.00352,0.03955,-0.32522,0.59587,-0.04795,0.0058,0.05057,-10.0,0.01108,10.0,0.00602
7183,pound,6/27/2018,3.0,0.00325,0.03869,-0.32357,0.58756,-0.04711,0.00508,0.04915,-10.0,0.01001,10.0,0.00511
7184,pound,7/3/2018,3.0,0.00304,0.03987,-0.28393,0.55673,-0.04817,0.00478,0.0509,-10.0,0.01135,10.0,0.00648
7185,pound,7/11/2018,3.0,0.00323,0.04002,-0.31821,0.49306,-0.04913,0.00511,0.05115,-10.0,0.01141,10.0,0.00596
7186,pound,7/18/2018,3.0,0.00353,0.03994,-0.39891,0.66903,-0.04812,0.00607,0.0506,-10.0,0.01312,10.0,0.00532
7187,pound,7/25/2018,3.0,0.00309,0.03832,-0.3532,0.59714,-0.04656,0.00525,0.04896,-10.0,0.01009,10.0,0.00398
7188,pound,8/1/2018,3.0,0.00348,0.03358,-0.43897,0.65113,-0.0401,0.00567,0.04328,-10.0,0.00533,10.0,0.00081
7189,pound,8/8/2018,3.0,0.00328,0.03774,-0.37401,0.51355,-0.04629,0.00553,0.04822,-10.0,0.00929,10.0,0.00289
7190,pound,8/15/2018,3.0,0.00323,0.04051,-0.34869,0.53114,-0.04944,0.00545,0.05184,-10.0,0.01303,10.0,0.00574
7191,pound,8/22/2018,3.0,0.00251,0.04014,-0.10302,0.3293,-0.04867,0.00332,0.05207,-10.0,0.00912,10.0,0.00805
7192,pound,8/29/2018,3.0,0.00255,0.04512,0.04002,0.18096,-0.05594,0.00154,0.05953,-10.0,0.01242,10.0,0.01685
7193,pound,9/5/2018,3.0,0.00363,0.04728,-0.42593,0.5987,-0.05831,0.00707,0.05927,-10.0,0.02659,10.0,0.01381
7194,pound,9/12/2018,3.0,0.00355,0.05029,-0.44144,0.58302,-0.06262,0.00735,0.06252,-10.0,0.0337,10.0,0.01852
7195,pound,9/19/2018,3.0,0.00392,0.04612,-0.50364,0.75055,-0.05622,0.00768,0.05801,-10.0,0.02556,10.0,0.01104
7196,pound,9/26/2018,3.0,0.00421,0.04894,-0.59483,0.83989,-0.06052,0.00904,0.0608,-10.0,0.03341,10.0,0.01329
7197,pound,10/3/2018,3.0,0.00427,0.05087,-0.5719,0.78795,-0.06262,0.009,0.06303,-10.0,0.03608,10.0,0.01655
7198,pound,10/10/2018,3.0,0.00443,0.04876,-0.55056,0.73026,-0.05985,0.00898,0.06145,-10.0,0.03117,10.0,0.01341
7199,pound,10/17/2018,3.0,0.00461,0.05115,-0.56263,0.79483,-0.06265,0.00899,0.0639,-10.0,0.03591,10.0,0.01776
7200,pound,10/24/2018,3.0,0.0044,0.05055,-0.50484,0.71543,-0.06146,0.00841,0.06396,-10.0,0.03418,10.0,0.01798
7201,pound,10/31/2018,3.0,0.00354,0.04995,-0.27535,0.5205,-0.06045,0.00559,0.0636,-10.0,0.02884,10.0,0.02241
7202,pound,11/7/2018,3.0,0.0038,0.05151,-0.25073,0.39359,-0.06311,0.00544,0.06616,-10.0,0.03146,10.0,0.02548
7203,pound,11/14/2018,3.0,0.00456,0.06287,-0.31839,0.48004,-0.07759,0.00797,0.07981,-10.0,0.05941,10.0,0.05322
7205,pound,11/28/2018,3.0,0.00453,0.06158,-0.13551,0.38378,-0.0744,0.00569,0.07967,-10.0,0.04943,10.0,0.05466
7206,pound,12/4/2018,3.0,0.00404,0.06961,-0.55235,0.6026,-0.08931,0.01133,0.08467,-10.0,0.08191,10.0,0.06115
7207,pound,12/12/2018,3.0,0.00356,0.07477,-0.48942,0.64299,-0.09537,0.01049,0.09062,-10.0,0.09231,10.0,0.07669
7208,pound,12/19/2018,3.0,0.00384,0.06564,-0.4622,0.6193,-0.08287,0.00905,0.08091,-10.0,0.0694,10.0,0.05373
7209,pound,12/26/2018,3.0,0.00394,0.06718,-0.4024,0.54647,-0.0841,0.00898,0.08336,-10.0,0.07187,10.0,0.06015
7210,pound,1/2/2019,3.0,0.00382,0.06737,-0.34477,0.52479,-0.08391,0.00782,0.08415,-10.0,0.07115,10.0,0.06242
7211,pound,1/9/2019,3.0,0.00365,0.06168,-0.24762,0.48466,-0.07575,0.00608,0.07816,-10.0,0.05457,10.0,0.05064
7212,pound,1/16/2019,3.0,0.00379,0.05949,-0.27382,0.47328,-0.0732,0.00647,0.0755,-10.0,0.04938,10.0,0.04468
7213,pound,1/23/2019,3.0,0.00377,0.05486,-0.26542,0.43733,-0.06736,0.00633,0.07037,-10.0,0.03863,10.0,0.03299
7214,pound,1/30/2019,3.0,0.0044,0.05166,-0.39405,0.64186,-0.06251,0.00757,0.06606,-10.0,0.03388,10.0,0.02381
7215,pound,2/6/2019,3.0,0.00463,0.0526,-0.40392,0.60707,-0.06344,0.00751,0.06694,-10.0,0.03628,10.0,0.02554
7216,pound,2/13/2019,3.0,0.00387,0.04661,-0.30848,0.52197,-0.05597,0.00596,0.06018,-10.0,0.02247,10.0,0.01524
7217,pound,2/20/2019,3.0,0.00383,0.05259,-0.16785,0.29056,-0.0639,0.00502,0.06898,-10.0,0.03105,10.0,0.03023
7218,pound,2/27/2019,3.0,0.00369,0.04731,-0.17342,0.41042,-0.05683,0.00387,0.06081,-10.0,0.02124,10.0,0.01968
7220,pound,3/13/2019,3.0,0.00562,0.05447,-0.73585,0.96862,-0.06694,0.01244,0.06768,-10.0,0.04576,10.0,0.0187
7221,pound,3/20/2019,3.0,0.00482,0.05144,-0.67394,1.00222,-0.06271,0.01012,0.06387,-10.0,0.03885,10.0,0.01597
7222,pound,3/27/2019,3.0,0.00612,0.05777,-0.80417,1.16901,-0.07008,0.01363,0.07128,-10.0,0.05284,10.0,0.02455
7223,pound,4/3/2019,3.0,0.00507,0.05609,-0.65663,1.05139,-0.06767,0.01058,0.06956,-10.0,0.04731,10.0,0.02651
7224,pound,4/10/2019,3.0,0.00434,0.04562,-0.45084,0.81298,-0.05397,0.0073,0.05823,-10.0,0.02332,10.0,0.0123
7225,pound,4/17/2019,3.0,0.00374,0.03332,-0.26366,0.58593,-0.03896,0.00481,0.04371,-10.0,0.00376,10.0,0.0018
7226,pound,4/24/2019,3.0,0.00354,0.03519,-0.21283,0.49641,-0.04201,0.00454,0.04588,-10.0,0.00478,10.0,0.00313
7227,pound,5/1/2019,3.0,0.00347,0.03497,-0.22349,0.3666,-0.04155,0.00426,0.04603,-10.0,0.00421,10.0,0.00228
7228,pound,5/8/2019,3.0,0.00311,0.03882,-0.0977,0.41615,-0.04629,0.00317,0.05052,-10.0,0.00742,10.0,0.00723
7229,pound,5/15/2019,3.0,0.00264,0.0397,0.02914,0.22299,-0.04851,0.00183,0.05184,-10.0,0.00564,10.0,0.00924
7230,pound,5/22/2019,3.0,0.00316,0.04117,-0.12528,0.50659,-0.04867,0.00332,0.05315,-10.0,0.01158,10.0,0.01048
7231,pound,5/29/2019,3.0,0.003,0.04035,-0.05889,0.51711,-0.04832,0.00304,0.05215,-10.0,0.00931,10.0,0.00991
7232,pound,6/5/2019,3.0,0.00417,0.03913,-0.40545,0.82691,-0.04597,0.00666,0.0499,-10.0,0.01214,10.0,0.00579
7233,pound,6/12/2019,3.0,0.00395,0.03612,-0.47371,0.84871,-0.04301,0.00694,0.04576,-10.0,0.00856,10.0,0.00264
7234,pound,6/19/2019,3.0,0.00347,0.03479,-0.26653,0.68105,-0.0409,0.00484,0.04501,-10.0,0.00527,10.0,0.00299
7235,pound,6/26/2019,3.0,0.00366,0.03512,-0.38357,0.67256,-0.04184,0.00558,0.04526,-10.0,0.00638,10.0,0.00206
7236,pound,7/3/2019,3.0,0.00368,0.02974,-0.32313,0.84963,-0.03416,0.00482,0.03894,-10.0,0.00232,10.0,0.00072
7237,pound,7/10/2019,3.0,0.00335,0.02976,-0.29564,0.69792,-0.03506,0.00455,0.03856,-10.0,0.00175,10.0,0.00071
7238,pound,7/17/2019,3.0,0.00326,0.03369,-0.32105,0.63151,-0.03998,0.00486,0.04298,-10.0,0.00457,10.0,0.00178
7239,pound,7/24/2019,3.0,0.00321,0.03483,-0.33115,0.60558,-0.04183,0.0046,0.04452,-10.0,0.00564,10.0,0.00202
7240,pound,7/31/2019,3.0,0.00309,0.03846,-0.2797,0.62706,-0.04591,0.00426,0.04878,-10.0,0.00984,10.0,0.00538
7241,pound,8/7/2019,3.0,0.00309,0.04225,-0.26418,0.49682,-0.05115,0.00474,0.05434,-10.0,0.01494,10.0,0.00894
7242,pound,8/14/2019,3.0,0.00325,0.04207,-0.29397,0.5709,-0.05036,0.00454,0.0536,-10.0,0.01506,10.0,0.00886
7243,pound,8/21/2019,3.0,0.00314,0.04596,-0.1247,0.42356,-0.05538,0.00332,0.05957,-10.0,0.01899,10.0,0.01766
7244,pound,8/28/2019,3.0,0.00364,0.05628,-0.01067,0.15658,-0.06817,0.00304,0.07424,-10.0,0.03476,10.0,0.04243
7245,pound,9/4/2019,3.0,0.00246,0.06731,-0.46336,0.84577,-0.08447,0.00751,0.08111,-10.0,0.07305,10.0,0.05634
7246,pound,9/11/2019,3.0,0.0035,0.05785,-0.55093,0.94502,-0.07097,0.00827,0.07072,-10.0,0.05141,10.0,0.03274
7247,pound,9/18/2019,3.0,0.00324,0.06374,-0.52678,0.77074,-0.08028,0.00863,0.07741,-10.0,0.0654,10.0,0.04619
7248,pound,9/25/2019,3.0,0.00307,0.06478,-0.46753,0.76933,-0.08036,0.00754,0.07926,-10.0,0.06602,10.0,0.05065
7249,pound,10/2/2019,3.0,0.00287,0.06442,-0.41549,0.65572,-0.08066,0.00689,0.07952,-10.0,0.06541,10.0,0.05135
7250,pound,10/9/2019,3.0,0.00263,0.05987,-0.31621,0.74192,-0.07289,0.00507,0.07423,-10.0,0.05193,10.0,0.04387
7251,pound,10/16/2019,3.0,0.00249,0.06552,-0.23018,0.4502,-0.08165,0.00481,0.08209,-10.0,0.06454,10.0,0.05908
7252,pound,10/23/2019,3.0,0.0032,0.05566,-0.36508,0.54028,-0.06891,0.00648,0.07013,-10.0,0.043,10.0,0.03115
7253,pound,10/30/2019,3.0,0.00229,0.04028,-0.23832,0.62827,-0.04883,0.00355,0.05083,-10.0,0.01252,10.0,0.00737
7254,pound,11/6/2019,3.0,0.00218,0.03398,-0.23902,0.66391,-0.04075,0.00312,0.04288,-10.0,0.00528,10.0,0.00208
7255,pound,11/13/2019,3.0,0.00192,0.03414,-0.07703,0.41683,-0.04111,0.00179,0.04379,-10.0,0.00329,10.0,0.0028
7256,pound,11/20/2019,3.0,0.0019,0.03601,-0.03424,0.27381,-0.04496,0.00215,0.04626,-10.0,0.00374,10.0,0.00425
7257,pound,11/27/2019,3.0,0.00226,0.03975,0.01109,0.22951,-0.04843,0.00145,0.05196,-10.0,0.00636,10.0,0.0082
7258,pound,12/4/2019,3.0,0.00251,0.04734,-0.50838,0.53502,-0.06066,0.00663,0.05801,-10.0,0.02892,10.0,0.00967
7259,pound,12/11/2019,3.0,0.00343,0.04643,-0.6872,0.92869,-0.05774,0.00827,0.05688,-10.0,0.02991,10.0,0.00661
7260,pound,12/18/2019,3.0,0.00236,0.04148,-0.4672,0.69789,-0.05217,0.00576,0.0507,-10.0,0.01724,10.0,0.00555
7261,pound,12/26/2019,3.0,0.00236,0.0368,-0.35696,0.62752,-0.045,0.00407,0.04624,-10.0,0.00864,10.0,0.00279
7262,pound,1/2/2020,3.0,0.00215,0.03857,-0.27748,0.66301,-0.04651,0.00372,0.04835,-10.0,0.01066,10.0,0.00506
7263,pound,1/8/2020,3.0,0.00201,0.03647,-0.19893,0.45009,-0.04481,0.0028,0.04651,-10.0,0.00638,10.0,0.0035
7264,pound,1/15/2020,3.0,0.00192,0.03189,-0.14664,0.55424,-0.03857,0.00239,0.0404,-10.0,0.00255,10.0,0.00151
7265,pound,1/22/2020,3.0,0.00179,0.03181,-0.01776,0.35605,-0.0389,0.00194,0.04101,-10.0,0.00135,10.0,0.00173
7266,pound,1/29/2020,3.0,0.00171,0.03066,-0.00024,0.22533,-0.03741,0.00141,0.03997,-10.0,0.00067,10.0,0.00111
7267,pound,2/5/2020,3.0,0.0019,0.02964,-0.1345,0.36518,-0.03619,0.00231,0.03846,-10.0,0.00105,10.0,0.00056
7268,pound,2/12/2020,3.0,0.0019,0.02656,-0.10516,0.34601,-0.0323,0.00176,0.03437,-10.0,0.00027,10.0,0.00017
7269,pound,2/19/2020,3.0,0.00163,0.02992,0.07319,0.21616,-0.03628,0.00106,0.03882,-10.0,0.00042,10.0,0.00101
7270,pound,2/26/2020,3.0,0.00139,0.03448,0.20703,0.34685,-0.04186,4e-05,0.044,-10.0,0.00128,10.0,0.00506
7272,pound,3/11/2020,3.0,-0.0003,0.04343,-0.05197,0.43611,-0.05515,1e-05,0.05326,-10.0,0.01513,10.0,0.01274
7273,pound,3/18/2020,3.0,7e-05,0.08885,-0.61391,0.80168,-0.11684,0.00916,0.10283,-10.0,0.12686,10.0,0.10721
7274,pound,3/25/2020,3.0,-5e-05,0.08277,-0.45597,1.30157,-0.10182,0.00407,0.09719,-10.0,0.10261,10.0,0.09358
7275,pound,4/1/2020,3.0,0.0006,0.06977,-0.48431,1.23338,-0.08635,0.00478,0.0815,-10.0,0.07645,10.0,0.0592
7276,pound,4/8/2020,3.0,0.00234,0.06279,-0.66562,1.34799,-0.07647,0.0073,0.07476,-10.0,0.06207,10.0,0.04099
7277,pound,4/15/2020,3.0,0.0017,0.05394,-0.48995,0.87262,-0.06706,0.00481,0.06561,-10.0,0.04194,10.0,0.02326
7278,pound,4/22/2020,3.0,0.00267,0.05703,-0.66557,1.32637,-0.06959,0.00712,0.06828,-10.0,0.0495,10.0,0.02721
7279,pound,4/29/2020,3.0,0.00208,0.04993,-0.54006,1.10307,-0.06128,0.00496,0.06039,-10.0,0.0338,10.0,0.01607
7280,pound,5/6/2020,3.0,0.00263,0.05173,-0.52976,0.93417,-0.06337,0.00632,0.06273,-10.0,0.0382,10.0,0.0188
7282,pound,5/27/2020,3.0,0.00303,0.04685,-0.31818,0.42986,-0.059,0.00454,0.05953,-10.0,0.02359,10.0,0.01329
7283,pound,6/3/2020,3.0,0.0017,0.04512,-0.71255,1.01092,-0.05769,0.00666,0.05371,-10.0,0.02861,10.0,0.00423
7284,pound,6/10/2020,3.0,0.00174,0.0451,-0.62817,0.8989,-0.0571,0.00602,0.05414,-10.0,0.02691,10.0,0.00534
7285,pound,6/17/2020,3.0,0.00148,0.05083,-0.61538,1.0169,-0.06425,0.0058,0.06022,-10.0,0.03906,10.0,0.01424
7286,pound,6/24/2020,3.0,0.00162,0.05073,-0.47418,0.75447,-0.06309,0.00457,0.06268,-10.0,0.03635,10.0,0.01645
7287,pound,7/1/2020,3.0,0.00119,0.04692,-0.40598,0.73394,-0.05861,0.00375,0.05692,-10.0,0.02821,10.0,0.01263
7288,pound,7/8/2020,3.0,0.00086,0.04274,-0.29733,0.51828,-0.05386,0.00228,0.05278,-10.0,0.01754,10.0,0.00775
7289,pound,7/15/2020,3.0,0.00081,0.04214,-0.23871,0.57913,-0.05253,0.00183,0.05177,-10.0,0.01617,10.0,0.00857
7290,pound,7/22/2020,3.0,0.00111,0.04111,-0.25611,0.54957,-0.0513,0.00198,0.05086,-10.0,0.01425,10.0,0.00684
7291,pound,7/29/2020,3.0,0.00111,0.04394,-0.18437,0.47401,-0.05471,0.00145,0.05502,-10.0,0.01785,10.0,0.0113
7292,pound,8/5/2020,3.0,0.00128,0.04809,-0.13623,0.39411,-0.05929,0.0016,0.06045,-10.0,0.02433,10.0,0.01896
7293,pound,8/12/2020,3.0,0.00112,0.04219,-0.08723,0.51337,-0.05222,0.00093,0.05272,-10.0,0.01351,10.0,0.01133
7294,pound,8/19/2020,3.0,0.00137,0.04393,0.02331,0.40329,-0.05426,0.00113,0.05529,-10.0,0.01388,10.0,0.01575
7295,pound,8/26/2020,3.0,0.00197,0.04758,0.03887,0.22871,-0.059,0.00154,0.06101,-10.0,0.01736,10.0,0.02149
7296,pound,9/2/2020,3.0,0.00092,0.04775,-0.41204,0.60396,-0.06019,0.00355,0.05885,-10.0,0.02885,10.0,0.01159
7297,pound,9/9/2020,3.0,0.00092,0.05751,-0.4931,0.80603,-0.07295,0.00506,0.069,-10.0,0.05217,10.0,0.02969
7299,pound,9/23/2020,3.0,0.00139,0.06087,-0.58276,0.84278,-0.07819,0.00704,0.0722,-10.0,0.06235,10.0,0.03387
7300,pound,9/30/2020,3.0,0.00103,0.06129,-0.38425,0.54364,-0.07782,0.00425,0.07455,-10.0,0.0592,10.0,0.04082
7301,pound,10/7/2020,3.0,0.00142,0.05892,-0.40277,0.59216,-0.07468,0.00507,0.07211,-10.0,0.05352,10.0,0.03564
7302,pound,10/14/2020,3.0,0.00149,0.0574,-0.37457,0.54575,-0.07275,0.00481,0.07018,-10.0,0.04961,10.0,0.03274
7303,pound,10/21/2020,3.0,0.0017,0.05898,-0.34875,0.45346,-0.07503,0.00519,0.0726,-10.0,0.05356,10.0,0.03709
7304,pound,10/28/2020,3.0,0.00189,0.06062,-0.34205,0.41281,-0.07754,0.00567,0.07463,-10.0,0.05757,10.0,0.04128
7305,pound,11/4/2020,3.0,0.00155,0.04962,-0.22916,0.55804,-0.0615,0.00312,0.06168,-10.0,0.02959,10.0,0.02117
7306,pound,11/11/2020,3.0,0.00174,0.05218,-0.13545,0.368,-0.06474,0.00268,0.06617,-10.0,0.03228,10.0,0.02803
7307,pound,11/18/2020,3.0,0.00184,0.05127,-0.0762,0.24428,-0.0645,0.00215,0.06595,-10.0,0.02857,10.0,0.02732
7308,pound,11/25/2020,3.0,0.00291,0.05362,-0.16809,0.33964,-0.06572,0.00428,0.06861,-10.0,0.03421,10.0,0.03093
7309,pound,12/2/2020,3.0,0.00102,0.04882,-0.67753,1.10141,-0.06315,0.00615,0.05646,-10.0,0.03776,10.0,0.01051
7310,pound,12/9/2020,3.0,0.00156,0.05394,-0.68159,0.99257,-0.06909,0.00731,0.06345,-10.0,0.04786,10.0,0.01643
7311,pound,12/16/2020,3.0,0.00202,0.05181,-0.76217,1.28459,-0.06496,0.00763,0.0608,-10.0,0.04303,10.0,0.01254
7312,pound,12/23/2020,3.0,0.00214,0.05209,-0.70755,1.43361,-0.06327,0.0065,0.06227,-10.0,0.03965,10.0,0.0158
7313,pound,12/30/2020,3.0,0.00125,0.04533,-0.47781,0.89979,-0.05605,0.00369,0.05504,-10.0,0.02499,10.0,0.00909
7314,pound,1/6/2021,3.0,0.00097,0.04243,-0.27374,0.61619,-0.05305,0.00222,0.05248,-10.0,0.01712,10.0,0.00868
7315,pound,1/13/2021,3.0,0.00128,0.04167,-0.29331,0.54061,-0.0516,0.00237,0.05195,-10.0,0.01549,10.0,0.00673
7316,pound,1/20/2021,3.0,0.00092,0.03884,-0.20541,0.50763,-0.04825,0.00191,0.04853,-10.0,0.01011,10.0,0.00512
7317,pound,1/27/2021,3.0,0.00117,0.0389,-0.24073,0.51191,-0.04824,0.00208,0.04881,-10.0,0.01057,10.0,0.0047
7318,pound,2/3/2021,3.0,0.00134,0.03914,-0.26431,0.55783,-0.0487,0.00227,0.04882,-10.0,0.01163,10.0,0.00493
7319,pound,2/10/2021,3.0,0.00126,0.03317,-0.22421,0.3555,-0.04116,0.00172,0.042,-10.0,0.00343,10.0,0.00102
7320,pound,2/17/2021,3.0,0.00144,0.0343,-0.19339,0.34255,-0.04341,0.00203,0.04362,-10.0,0.00399,10.0,0.0017
7321,pound,2/24/2021,3.0,0.00197,0.04051,-0.1383,0.26568,-0.05031,0.00259,0.05203,-10.0,0.00977,10.0,0.00722
7322,pound,3/3/2021,3.0,0.00021,0.04313,-0.33633,0.57362,-0.05533,0.00223,0.05202,-10.0,0.01968,10.0,0.00773
7323,pound,3/10/2021,3.0,0.00019,0.04276,-0.29412,0.57021,-0.05466,0.00186,0.05194,-10.0,0.0184,10.0,0.00789
7324,pound,3/17/2021,3.0,0.00035,0.04103,-0.29703,0.54677,-0.052,0.00195,0.0501,-10.0,0.01507,10.0,0.00582
7325,pound,3/24/2021,3.0,0.00067,0.04072,-0.36872,0.64414,-0.05135,0.00255,0.04915,-10.0,0.01576,10.0,0.00513
7326,pound,3/31/2021,3.0,0.00032,0.03882,-0.20944,0.44489,-0.04927,0.00161,0.04785,-10.0,0.0101,10.0,0.00465
7327,pound,4/7/2021,3.0,0.00074,0.03999,-0.28615,0.39384,-0.05104,0.00226,0.04908,-10.0,0.01231,10.0,0.00452
7328,pound,4/14/2021,3.0,0.00048,0.03578,-0.16719,0.4158,-0.04515,0.00122,0.04429,-10.0,0.00569,10.0,0.00276
7329,pound,4/21/2021,3.0,0.00075,0.03683,-0.20098,0.34807,-0.04668,0.00196,0.04588,-10.0,0.0069,10.0,0.00292
7330,pound,4/28/2021,3.0,0.00061,0.03464,-0.14299,0.45776,-0.04373,0.00073,0.04259,-10.0,0.00461,10.0,0.00244
7331,pound,5/5/2021,3.0,0.00116,0.03672,-0.21341,0.31059,-0.04629,0.00238,0.04592,-10.0,0.00668,10.0,0.00251
7332,pound,5/12/2021,3.0,0.00126,0.03761,-0.1586,0.32052,-0.04666,0.00183,0.04742,-10.0,0.00707,10.0,0.00389
7333,pound,5/19/2021,3.0,0.00179,0.0363,-0.291,0.43439,-0.04532,0.00332,0.04563,-10.0,0.00747,10.0,0.00212
7334,pound,5/26/2021,3.0,0.00195,0.03463,-0.21766,0.39273,-0.04224,0.00304,0.04328,-10.0,0.00462,10.0,0.00164
7335,pound,6/2/2021,3.0,-3e-05,0.03544,-0.21859,0.4572,-0.04504,0.0009,0.04311,-10.0,0.00621,10.0,0.00216
7336,pound,6/9/2021,3.0,0.00018,0.03296,-0.24582,0.4579,-0.04204,0.0014,0.04043,-10.0,0.00389,10.0,0.00098
7337,pound,6/16/2021,3.0,0.0002,0.03287,-0.2393,0.50623,-0.0419,0.00146,0.0399,-10.0,0.00384,10.0,0.00113
7338,pound,6/23/2021,3.0,0.00026,0.03381,-0.19574,0.43326,-0.04289,0.00103,0.04136,-10.0,0.00416,10.0,0.00158
7339,pound,6/30/2021,3.0,0.00045,0.03332,-0.22667,0.32034,-0.04299,0.00162,0.04101,-10.0,0.00351,10.0,0.00104
7340,pound,7/7/2021,3.0,0.00052,0.03304,-0.23331,0.40347,-0.04208,0.00172,0.04076,-10.0,0.00349,10.0,0.00108
7341,pound,7/14/2021,3.0,0.00061,0.03231,-0.21293,0.34832,-0.04123,0.00183,0.04004,-10.0,0.00276,10.0,0.00085
7342,pound,7/21/2021,3.0,0.00086,0.03568,-0.20947,0.3433,-0.04521,0.00198,0.04452,-10.0,0.00555,10.0,0.00213
7343,pound,7/28/2021,3.0,0.00081,0.03547,-0.17493,0.29707,-0.04509,0.00145,0.04459,-10.0,0.00489,10.0,0.0022
7344,pound,8/4/2021,3.0,0.00096,0.03356,-0.15756,0.24427,-0.04225,0.0016,0.04208,-10.0,0.00308,10.0,0.00122
7345,pound,8/11/2021,3.0,0.00101,0.02988,-0.1928,0.34298,-0.03742,0.00183,0.03768,-10.0,0.00133,10.0,0.0004
7346,pound,8/18/2021,3.0,0.00136,0.03157,-0.20756,0.20042,-0.03974,0.00222,0.04025,-10.0,0.00192,10.0,0.0005
7347,pound,8/25/2021,3.0,0.00142,0.03353,-0.04426,0.13033,-0.04224,0.00154,0.04328,-10.0,0.0018,10.0,0.00159
7348,pound,9/1/2021,3.0,0.00016,0.03299,-0.24169,0.36341,-0.04248,0.00134,0.04033,-10.0,0.00358,10.0,0.00085
7349,pound,9/8/2021,3.0,9e-05,0.0319,-0.22397,0.35755,-0.04132,0.00139,0.03886,-10.0,0.00254,10.0,0.00074
7350,pound,9/15/2021,3.0,0.00015,0.03165,-0.20115,0.37432,-0.04063,0.00097,0.03871,-10.0,0.0024,10.0,0.00072
7351,pound,9/22/2021,3.0,0.00027,0.03373,-0.25539,0.32103,-0.04364,0.00152,0.04106,-10.0,0.00395,10.0,0.00103
7352,pound,9/29/2021,3.0,0.00053,0.03822,-0.29267,0.40073,-0.04927,0.00214,0.04683,-10.0,0.00977,10.0,0.00303
7353,pound,10/6/2021,3.0,0.00083,0.0391,-0.33178,0.42639,-0.04978,0.00282,0.04791,-10.0,0.01172,10.0,0.00337
7354,pound,10/13/2021,3.0,0.00079,0.03584,-0.33224,0.5059,-0.04563,0.00241,0.04416,-10.0,0.00753,10.0,0.00176
7355,pound,10/20/2021,3.0,0.00041,0.03545,-0.23455,0.44981,-0.04514,0.00131,0.04318,-10.0,0.0062,10.0,0.00208
7356,pound,10/27/2021,3.0,0.00103,0.03478,-0.27361,0.48884,-0.04416,0.00213,0.04299,-10.0,0.00562,10.0,0.00178
7357,pound,11/3/2021,3.0,0.00132,0.03513,-0.28673,0.47307,-0.04423,0.00236,0.04394,-10.0,0.00603,10.0,0.00164
7358,pound,11/10/2021,3.0,0.00178,0.038,-0.38507,0.55793,-0.04777,0.00359,0.0467,-10.0,0.01091,10.0,0.00279
7359,pound,11/17/2021,3.0,0.00165,0.03576,-0.24261,0.39706,-0.04418,0.00217,0.04449,-10.0,0.00585,10.0,0.00213
7360,pound,11/24/2021,3.0,0.00231,0.03468,-0.35701,0.54345,-0.04299,0.00289,0.0439,-10.0,0.00622,10.0,0.00134
7361,pound,12/1/2021,3.0,0.0003,0.03892,-0.37466,0.54418,-0.05044,0.00267,0.04633,-10.0,0.01238,10.0,0.00343
7362,pound,12/8/2021,3.0,0.0008,0.03999,-0.42679,0.61283,-0.05148,0.00323,0.04818,-10.0,0.01491,10.0,0.00362
7363,pound,12/15/2021,3.0,0.0006,0.03944,-0.41754,0.64057,-0.05069,0.00289,0.04751,-10.0,0.01409,10.0,0.00334
7364,pound,12/22/2021,3.0,0.00036,0.03563,-0.31838,0.50099,-0.0458,0.00198,0.04296,-10.0,0.00718,10.0,0.00173
7365,pound,12/29/2021,3.0,0.00086,0.03356,-0.33163,0.41394,-0.04262,0.00213,0.04168,-10.0,0.00465,10.0,0.00071
7366,pound,1/5/2022,3.0,0.00097,0.03025,-0.34076,0.47579,-0.03816,0.00226,0.0376,-10.0,0.00243,10.0,0.00022
7367,pound,1/12/2022,3.0,0.00064,0.03049,-0.2842,0.31607,-0.03884,0.00181,0.03778,-10.0,0.002,10.0,0.00023
7368,pound,1/19/2022,3.0,0.00067,0.03118,-0.30431,0.34849,-0.03983,0.00195,0.03879,-10.0,0.00241,10.0,0.00031
7369,pound,1/26/2022,3.0,0.00059,0.03265,-0.32834,0.575,-0.04127,0.00213,0.03956,-10.0,0.0045,10.0,0.00074
7370,pound,2/2/2022,3.0,0.00076,0.0326,-0.2831,0.3853,-0.04183,0.00158,0.04013,-10.0,0.00351,10.0,0.00062
7371,pound,2/9/2022,3.0,0.00089,0.03151,-0.27508,0.31287,-0.04048,0.00181,0.03885,-10.0,0.00251,10.0,0.00042
7372,pound,2/16/2022,3.0,0.00122,0.03324,-0.35091,0.2372,-0.04309,0.00323,0.04134,-10.0,0.00359,10.0,0.0004
7373,pound,2/23/2022,3.0,0.00213,0.03437,-0.41932,0.47078,-0.04299,0.00431,0.04249,-10.0,0.00601,10.0,0.00074
7374,pound,3/2/2022,3.0,-0.00055,0.0422,-0.50399,0.44273,-0.0584,0.00355,0.04844,-10.0,0.02003,10.0,0.00346
7375,pound,3/9/2022,3.0,0.00027,0.04618,-0.57747,1.09041,-0.05829,0.00369,0.05388,-10.0,0.02974,10.0,0.00871
7376,pound,3/16/2022,3.0,0.00035,0.04571,-0.53864,0.97699,-0.05777,0.00337,0.05393,-10.0,0.02772,10.0,0.00822
7377,pound,3/23/2022,3.0,0.00039,0.04101,-0.42313,0.74459,-0.05204,0.00253,0.04928,-10.0,0.01755,10.0,0.00469
7378,pound,3/30/2022,3.0,0.0008,0.04141,-0.45824,0.7111,-0.05255,0.00319,0.05035,-10.0,0.01815,10.0,0.00415
7379,pound,4/6/2022,3.0,0.001,0.04087,-0.44758,0.68655,-0.05153,0.00338,0.04953,-10.0,0.01706,10.0,0.00412
7380,pound,4/13/2022,3.0,0.00091,0.0377,-0.3878,0.64074,-0.04749,0.00301,0.0459,-10.0,0.01108,10.0,0.00268
7381,pound,4/20/2022,3.0,0.00087,0.03651,-0.32742,0.5642,-0.04647,0.00259,0.04442,-10.0,0.00852,10.0,0.00229
7382,pound,4/27/2022,3.0,0.00167,0.05088,-0.4855,0.78735,-0.06379,0.00493,0.06134,-10.0,0.03666,10.0,0.01714
7383,pound,5/4/2022,3.0,0.00183,0.05082,-0.42716,0.76104,-0.06354,0.0047,0.0621,-10.0,0.03436,10.0,0.01874
7384,pound,5/11/2022,3.0,0.0024,0.05562,-0.39649,0.72954,-0.06888,0.00536,0.06835,-10.0,0.0446,10.0,0.0304
7385,pound,5/18/2022,3.0,0.00257,0.05566,-0.35594,0.59458,-0.06935,0.00537,0.06849,-10.0,0.0443,10.0,0.03066
7386,pound,5/25/2022,3.0,0.00258,0.05283,-0.15423,0.28925,-0.06617,0.00289,0.06769,-10.0,0.03333,10.0,0.02963
7387,pound,6/1/2022,3.0,0.0007,0.0484,-0.55777,0.92221,-0.06177,0.0047,0.05724,-10.0,0.034,10.0,0.0113
7388,pound,6/8/2022,3.0,0.00097,0.04806,-0.50044,0.80854,-0.06075,0.00443,0.05768,-10.0,0.03175,10.0,0.012
7389,pound,6/15/2022,3.0,0.00178,0.05923,-0.60364,0.97206,-0.075,0.0069,0.07037,-10.0,0.05727,10.0,0.03103
7390,pound,6/22/2022,3.0,0.00191,0.05776,-0.61485,1.00821,-0.07258,0.0072,0.06892,-10.0,0.05273,10.0,0.02763
7391,pound,6/29/2022,3.0,0.00214,0.05418,-0.57698,0.92409,-0.06798,0.00704,0.06508,-10.0,0.0453,10.0,0.02158
7392,pound,7/6/2022,3.0,0.00271,0.0606,-0.62282,0.98441,-0.07606,0.00847,0.07249,-10.0,0.0592,10.0,0.03449
7393,pound,7/13/2022,3.0,0.00316,0.05865,-0.54219,0.86594,-0.07276,0.00785,0.07145,-10.0,0.05327,10.0,0.03394
7394,pound,7/20/2022,3.0,0.0025,0.05959,-0.50581,0.80464,-0.07443,0.00718,0.0728,-10.0,0.0553,10.0,0.03634
7395,pound,7/27/2022,3.0,0.00266,0.05277,-0.46652,0.69361,-0.06589,0.00645,0.06489,-10.0,0.03998,10.0,0.02167
7396,pound,8/3/2022,3.0,0.00289,0.05235,-0.49132,0.62486,-0.06598,0.00703,0.06471,-10.0,0.03926,10.0,0.01935
7397,pound,8/10/2022,3.0,0.00301,0.04568,-0.4393,0.47379,-0.05708,0.00625,0.05758,-10.0,0.02321,10.0,0.00879
7398,pound,8/17/2022,3.0,0.00336,0.0494,-0.44376,0.4403,-0.06243,0.00714,0.06231,-10.0,0.03159,10.0,0.01423
7399,pound,8/24/2022,3.0,0.00334,0.05674,-0.31946,0.42521,-0.07045,0.00643,0.0716,-10.0,0.04486,10.0,0.03403
7400,pound,8/31/2022,3.0,0.00336,0.06109,-0.19077,0.19681,-0.07637,0.00431,0.07883,-10.0,0.05277,10.0,0.05009
7401,pound,9/7/2022,3.0,0.0022,0.06338,-0.61263,0.73768,-0.08219,0.00884,0.0755,-10.0,0.06858,10.0,0.03904
7402,pound,9/14/2022,3.0,0.00225,0.05873,-0.53309,0.63728,-0.075,0.00736,0.07123,-10.0,0.05551,10.0,0.03044
7403,pound,9/21/2022,3.0,0.00227,0.06126,-0.50584,0.61743,-0.07826,0.0072,0.07432,-10.0,0.0611,10.0,0.03795
7404,pound,9/28/2022,3.0,0.00411,0.09945,-0.77519,0.83497,-0.13125,0.0185,0.11619,-10.0,0.14515,10.0,0.14795
7405,pound,10/5/2022,3.0,0.00377,0.08503,-0.71035,1.0647,-0.10814,0.01319,0.10058,-10.0,0.1121,10.0,0.10183
7406,pound,10/12/2022,3.0,0.00403,0.09115,-0.64715,0.80923,-0.11694,0.01397,0.10956,-10.0,0.12634,10.0,0.12609
7407,pound,10/19/2022,3.0,0.00502,0.07662,-0.64766,1.07614,-0.09418,0.01252,0.09305,-10.0,0.09063,10.0,0.08323
7408,pound,10/26/2022,3.0,0.00489,0.06438,-0.55213,0.81241,-0.07877,0.01029,0.08021,-10.0,0.06349,10.0,0.04982
7409,pound,11/2/2022,3.0,0.00577,0.06646,-0.54739,0.74254,-0.08145,0.01122,0.08348,-10.0,0.06747,10.0,0.05729
7410,pound,11/9/2022,3.0,0.00622,0.07113,-0.52544,0.57838,-0.08799,0.01246,0.08974,-10.0,0.07813,10.0,0.07246
7411,pound,11/16/2022,3.0,0.0059,0.06458,-0.42823,0.4833,-0.07905,0.0098,0.08293,-10.0,0.06251,10.0,0.05626
7412,pound,11/23/2022,3.0,0.00611,0.05739,-0.46072,0.5036,-0.06935,0.00963,0.07471,-10.0,0.04499,10.0,0.03365
7413,pound,11/30/2022,3.0,0.00552,0.06338,-0.27166,0.2702,-0.07783,0.00715,0.083,-10.0,0.05681,10.0,0.05809
7414,pound,12/7/2022,3.0,0.0034,0.05849,-0.61734,0.86979,-0.07302,0.00919,0.07123,-10.0,0.05402,10.0,0.02963
7415,pound,12/14/2022,3.0,0.00347,0.0494,-0.52628,0.74677,-0.06031,0.0072,0.06213,-10.0,0.03191,10.0,0.01393
7416,pound,12/21/2022,3.0,0.00272,0.05272,-0.56785,0.75217,-0.06637,0.00754,0.06413,-10.0,0.04171,10.0,0.01804
7417,pound,12/28/2022,3.0,0.00263,0.0542,-0.54207,0.82127,-0.06761,0.00689,0.06649,-10.0,0.04348,10.0,0.02229
7418,pound,1/4/2023,3.0,0.00342,0.05554,-0.50914,0.67265,-0.0692,0.00785,0.0688,-10.0,0.0459,10.0,0.02657
7419,pound,1/11/2023,3.0,0.00311,0.05509,-0.33821,0.45267,-0.06811,0.00599,0.06997,-10.0,0.04086,10.0,0.03042
7420,pound,1/18/2023,3.0,0.00249,0.05042,-0.30348,0.40612,-0.06253,0.00452,0.06366,-10.0,0.03081,10.0,0.01975
7421,pound,1/25/2023,3.0,0.00295,0.04962,-0.30442,0.36791,-0.06159,0.00493,0.06336,-10.0,0.02888,10.0,0.01856
7422,pound,2/1/2023,3.0,0.00273,0.04869,-0.28905,0.431,-0.06031,0.0047,0.0621,-10.0,0.02669,10.0,0.01758
7423,pound,2/8/2023,3.0,0.00276,0.05011,-0.24229,0.37701,-0.06243,0.00448,0.06404,-10.0,0.02936,10.0,0.02158
7424,pound,2/15/2023,3.0,0.00345,0.04962,-0.33184,0.53059,-0.06056,0.00537,0.06329,-10.0,0.02872,10.0,0.01885
7425,pound,2/22/2023,3.0,0.0032,0.04843,-0.19973,0.46693,-0.05891,0.00431,0.06211,-10.0,0.02501,10.0,0.02087
7426,pound,3/8/2023,3.0,0.00233,0.05061,-0.44959,0.53359,-0.06453,0.0062,0.06227,-10.0,0.03496,10.0,0.01686
7427,pound,3/15/2023,3.0,0.00119,0.0547,-0.39931,0.47063,-0.07006,0.00461,0.06692,-10.0,0.04388,10.0,0.02444
7428,pound,3/22/2023,3.0,0.00152,0.04923,-0.41379,0.59604,-0.06234,0.00433,0.06031,-10.0,0.03195,10.0,0.01496
7429,pound,3/29/2023,3.0,0.00159,0.04882,-0.382,0.43904,-0.06211,0.00454,0.06032,-10.0,0.03038,10.0,0.01398
7430,pound,4/5/2023,3.0,0.00167,0.0464,-0.3345,0.41364,-0.05922,0.00425,0.05744,-10.0,0.02413,10.0,0.01172
7431,pound,4/12/2023,3.0,0.00074,0.04255,-0.17718,0.42066,-0.05387,0.0017,0.05276,-10.0,0.01521,10.0,0.00969
7432,pound,4/19/2023,3.0,0.00094,0.04076,-0.23064,0.37129,-0.05184,0.00241,0.05109,-10.0,0.01263,10.0,0.00606
7433,pound,4/26/2023,3.0,0.00037,0.04041,-0.17751,0.34855,-0.05113,0.00131,0.05004,-10.0,0.0116,10.0,0.00601
7434,pound,5/3/2023,3.0,0.00161,0.03871,-0.23437,0.31288,-0.0485,0.00283,0.04913,-10.0,0.00901,10.0,0.00384
7435,pound,5/10/2023,3.0,0.00286,0.03628,-0.24929,0.38296,-0.04423,0.00392,0.04698,-10.0,0.00583,10.0,0.00274
7436,pound,5/17/2023,3.0,0.00242,0.03649,-0.24182,0.395,-0.04504,0.00359,0.0467,-10.0,0.00641,10.0,0.0031
7437,pound,5/24/2023,3.0,0.00341,0.03925,-0.30544,0.34462,-0.04854,0.00537,0.05077,-10.0,0.00948,10.0,0.00417
7438,pound,5/31/2023,3.0,0.00222,0.03899,-0.11642,0.30551,-0.04877,0.00289,0.04951,-10.0,0.00771,10.0,0.00636
7439,pound,6/7/2023,3.0,0.00148,0.03978,-0.43445,0.61526,-0.05044,0.00399,0.04886,-10.0,0.01416,10.0,0.00358
7440,pound,6/14/2023,3.0,0.00107,0.0391,-0.32427,0.40171,-0.04955,0.00277,0.04862,-10.0,0.01116,10.0,0.00336
7441,pound,6/21/2023,3.0,0.00142,0.04219,-0.43695,0.54516,-0.05372,0.00433,0.05164,-10.0,0.01813,10.0,0.00481
7442,pound,6/28/2023,3.0,0.00122,0.04179,-0.42333,0.57029,-0.05309,0.00353,0.05121,-10.0,0.01764,10.0,0.00466
7443,pound,7/5/2023,3.0,0.00118,0.03891,-0.3533,0.53171,-0.04923,0.00319,0.04831,-10.0,0.01191,10.0,0.00327
7444,pound,7/12/2023,3.0,0.00103,0.03928,-0.33176,0.4369,-0.04978,0.00282,0.04845,-10.0,0.01197,10.0,0.00355
7445,pound,7/19/2023,3.0,0.00126,0.04115,-0.29421,0.49581,-0.05122,0.00301,0.05109,-10.0,0.01461,10.0,0.00611
7446,pound,7/26/2023,3.0,0.00128,0.0397,-0.19201,0.37441,-0.0498,0.00195,0.05004,-10.0,0.01034,10.0,0.00563
7447,pound,8/2/2023,3.0,0.00127,0.04149,-0.22419,0.38311,-0.05212,0.00213,0.05185,-10.0,0.01352,10.0,0.00711
7448,pound,8/9/2023,3.0,0.00165,0.03825,-0.25963,0.37677,-0.04743,0.00314,0.0485,-10.0,0.00888,10.0,0.00346
7449,pound,8/16/2023,3.0,0.00143,0.03706,-0.1597,0.3354,-0.04666,0.00183,0.04654,-10.0,0.00634,10.0,0.00371
7450,pound,8/23/2023,3.0,0.00194,0.03812,-0.20173,0.29799,-0.04755,0.00332,0.04885,-10.0,0.0078,10.0,0.00407
7451,pound,8/30/2023,3.0,0.00537,0.03948,-0.2557,0.39694,-0.04528,0.00604,0.05363,-10.0,0.00877,10.0,0.00583
7452,pound,9/6/2023,3.0,-0.00016,0.0412,-0.3773,0.59679,-0.05316,0.00222,0.04921,-10.0,0.01709,10.0,0.00473
7454,pound,9/13/2023,3.0,0.00024,0.04067,-0.32506,0.51028,-0.05191,0.00185,0.04944,-10.0,0.01489,10.0,0.00483
7455,pound,9/20/2023,3.0,8e-05,0.0397,-0.30344,0.50508,-0.05066,0.00193,0.04795,-10.0,0.01302,10.0,0.00424
7456,pound,9/27/2023,3.0,0.00068,0.04132,-0.29639,0.43634,-0.05257,0.00253,0.05073,-10.0,0.01486,10.0,0.00578
7457,pound,10/4/2023,3.0,0.00092,0.04259,-0.30304,0.39971,-0.05426,0.00266,0.05293,-10.0,0.01677,10.0,0.00662
7458,pound,10/11/2023,3.0,0.00066,0.04146,-0.22486,0.42612,-0.0528,0.0017,0.05124,-10.0,0.0141,10.0,0.00724
7459,pound,10/18/2023,3.0,0.00081,0.04194,-0.26818,0.41867,-0.05387,0.00242,0.05182,-10.0,0.01516,10.0,0.00704
7460,pound,10/25/2023,3.0,0.00123,0.04113,-0.26492,0.44855,-0.05137,0.0026,0.05089,-10.0,0.01406,10.0,0.00633
7461,pound,11/1/2023,3.0,0.0011,0.03797,-0.20369,0.44792,-0.04744,0.00211,0.04744,-10.0,0.00854,10.0,0.00433
7462,pound,11/8/2023,3.0,0.00135,0.03573,-0.16139,0.37833,-0.04472,0.00234,0.04515,-10.0,0.00531,10.0,0.00291
7463,pound,11/15/2023,3.0,0.0012,0.03535,-0.14811,0.33574,-0.04473,0.00179,0.04465,-10.0,0.0047,10.0,0.00252
7464,pound,11/22/2023,3.0,0.00136,0.03643,-0.0897,0.27972,-0.04604,0.00109,0.04626,-10.0,0.00497,10.0,0.00371
7465,pound,11/29/2023,3.0,0.00174,0.04022,-0.02856,0.09177,-0.04987,0.00145,0.05196,-10.0,0.00664,10.0,0.0071
7466,pound,12/6/2023,3.0,0.0003,0.03761,-0.28355,0.40262,-0.0485,0.00178,0.04626,-10.0,0.00909,10.0,0.00266
7467,pound,12/13/2023,3.0,0.00034,0.03585,-0.28065,0.46666,-0.04564,0.00185,0.04373,-10.0,0.00707,10.0,0.00202
7468,pound,12/20/2023,3.0,0.00065,0.03554,-0.27106,0.41472,-0.04513,0.00193,0.0438,-10.0,0.0063,10.0,0.00177
7469,pound,12/27/2023,3.0,0.00066,0.03634,-0.22651,0.28326,-0.04678,0.00203,0.04494,-10.0,0.00616,10.0,0.00216
7470,pound,1/3/2024,3.0,0.00063,0.03712,-0.22573,0.37388,-0.04725,0.00159,0.04596,-10.0,0.00772,10.0,0.00287
7471,pound,1/10/2024,3.0,0.00071,0.03623,-0.17941,0.38355,-0.04539,0.00113,0.04543,-10.0,0.00635,10.0,0.00278
