,Date,Hurst Exponent,WM1NS,T10Y2Y,WM2NS,CPIAUCSL,T5YIE
0,2008-03-31,0.7362541624991694,1455.6,1.83,7733.1,213.942,2.19
1,2008-04-15,0.7445471473443703,1368.5,1.76,7815.8,213.942,2.20
2,2008-04-30,0.7501499834037011,1443.6,1.48,7671.0,215.208,2.26
3,2008-05-15,0.7544607958502507,1357.9,1.38,7708.6,215.208,2.35
4,2008-05-30,0.756937318357063,1440.2,1.40,7728.9,217.463,2.40
5,2008-06-13,0.757573612031857,1382.9,1.22,7761.5,217.463,2.56
6,2008-06-30,0.7567235284695545,1456.6,1.36,7697.8,219.016,2.63
7,2008-07-15,0.7549968687973374,1377.5,1.48,7761.2,219.016,2.55
8,2008-07-31,0.752057147844995,1452.6,1.47,7705.9,218.69,2.16
9,2008-08-15,0.7535079805954618,1378.7,1.44,7749.5,218.69,1.95
10,2008-08-29,0.7543198354374976,1446.9,1.47,7722.8,218.877,1.89
11,2008-09-15,0.752305060759849,1375.8,1.69,7772.3,218.877,1.23
12,2008-09-30,0.7455243972357272,1536.2,1.85,7860.8,216.995,0.97
13,2008-10-15,0.7192475507673793,1409.9,2.40,7937.6,216.995,0.14
14,2008-10-31,0.7133145998068171,1557.0,2.45,7939.3,213.153,-0.96
15,2008-11-14,0.6784099889930971,1473.9,2.50,8014.3,213.153,-1.10
16,2008-11-28,0.6621526750157541,1580.4,1.93,8090.7,211.398,-2.24
17,2008-12-15,0.6811698018144028,1587.1,1.78,8225.8,211.398,-0.59
18,2008-12-31,0.6960150301484374,1719.4,1.49,8264.1,211.933,-0.26
19,2009-01-15,0.7111207109785551,1564.8,1.50,8293.7,211.933,-0.10
20,2009-01-30,0.7183328857791655,1593.8,1.93,8251.9,212.705,0.38
21,2009-02-13,0.7282929752745356,1532.4,1.92,8312.5,212.705,0.67
22,2009-02-27,0.7370503880135095,1597.3,2.02,8357.4,212.495,0.58
23,2009-03-13,0.743784514246704,1564.8,1.91,8489.9,212.495,0.50
24,2009-03-31,0.7486143109723599,1652.5,1.90,8409.5,212.709,0.73
25,2009-04-15,0.7495446685719105,1576.7,1.96,8495.7,212.709,0.69
26,2009-04-30,0.7448157369031678,1641.1,2.25,8361.1,213.022,0.82
27,2009-05-15,0.7457725276627742,1600.7,2.26,8440.0,213.022,1.00
28,2009-05-29,0.7425756907587436,1663.6,2.55,8433.7,214.79,1.36
29,2009-06-15,0.7373277149661476,1625.9,2.50,8488.2,214.79,1.60
30,2009-06-30,0.7331525016420498,1725.4,2.42,8367.9,214.726,1.34
31,2009-07-15,0.7299876998414135,1609.8,2.60,8425.4,214.726,1.27
32,2009-07-31,0.7281206505531097,1713.3,2.39,8397.8,215.445,1.32
33,2009-08-14,0.7177407428126876,1636.1,2.48,8419.4,215.445,1.13
34,2009-08-31,0.7107675951354768,1690.7,2.43,8351.8,215.861,1.12
35,2009-09-15,0.7068954137754798,1599.9,2.51,8437.1,215.861,1.45
36,2009-09-30,0.7050178380644985,1694.8,2.36,8344.5,216.509,1.37
37,2009-10-15,0.7042457755379438,1604.6,2.52,8431.2,216.509,1.56
38,2009-10-30,0.7047077832776183,1735.4,2.51,8437.8,217.234,1.61
39,2009-11-13,0.6982045848876934,1639.2,2.61,8524.0,217.234,1.73
40,2009-11-30,0.6959544873889905,1755.8,2.54,8506.8,217.347,1.75
41,2009-12-15,0.6958546367331192,1660.6,2.72,8558.2,217.347,1.90
42,2009-12-31,0.6979828257731631,1806.8,2.71,8527.1,217.488,2.13
43,2010-01-15,0.7169111782848775,1641.3,2.81,8476.3,217.488,2.10
44,2010-01-29,0.7184395365214664,1707.3,2.81,8428.8,217.281,1.91
45,2010-02-12,0.7125161184673676,1675.2,2.85,8530.4,217.281,1.96
46,2010-02-26,0.7122427910289953,1728.3,2.80,8527.7,217.353,1.83
47,2010-03-15,0.708684976055611,1696.1,2.75,8599.2,217.353,1.93
48,2010-03-31,0.7059142198865985,1789.8,2.82,8557.8,217.403,1.83
49,2010-04-15,0.6993650675272377,1665.2,2.82,8641.3,217.403,1.96
50,2010-04-30,0.7015143850217617,1772.7,2.72,8552.7,217.29,2.01
51,2010-05-14,0.6846914363735015,1673.8,2.65,8617.0,217.29,1.83
52,2010-05-28,0.6715533376134414,1762.5,2.55,8589.7,217.199,1.69
53,2010-06-15,0.6671795683959784,1674.2,2.53,8628.3,217.199,1.68
54,2010-06-30,0.6579762423218639,1804.9,2.36,8556.2,217.605,1.54
55,2010-07-15,0.6536683114994674,1666.7,2.39,8598.8,217.605,1.43
56,2010-07-30,0.6563026319180084,1781.1,2.39,8585.3,217.923,1.43
57,2010-08-13,0.6688271439867024,1701.4,2.14,8631.6,217.923,1.34
58,2010-08-31,0.6656595188546632,1807.3,2.00,8586.0,218.275,1.19
59,2010-09-15,0.6350882153782171,1685.2,2.24,8682.7,218.275,1.29
60,2010-09-30,0.609070486440111,1795.9,2.11,8603.5,219.035,1.30
61,2010-10-15,0.6040553339727133,1737.1,2.22,8738.6,219.035,1.58
62,2010-10-29,0.6095191343957042,1829.4,2.29,8705.5,219.59,1.48
63,2010-11-15,0.5845575494796885,1753.0,2.39,8788.1,219.59,1.57
64,2010-11-30,0.5670361580239698,1909.8,2.36,8785.2,220.472,1.54
65,2010-12-15,0.5367760906259353,1785.5,2.85,8848.4,220.472,1.77
66,2010-12-31,0.5202412034485528,1965.0,2.69,8888.5,221.187,1.83
67,2011-01-14,0.5298627604025062,1825.6,2.76,8910.1,221.187,1.93
68,2011-01-31,0.5360256834943938,1922.0,2.84,8789.4,221.898,1.96
69,2011-02-15,0.4716338387669744,1807.9,2.77,8886.0,221.898,1.91
70,2011-02-28,0.434094515119134,1935.2,2.73,8908.2,223.046,2.15
71,2011-03-15,0.4161396861463107,1846.9,2.70,9009.4,223.046,2.16
72,2011-03-31,0.4581034026316663,1977.3,2.67,8984.6,224.093,2.21
73,2011-04-15,0.4876142556133821,1894.3,2.72,9094.1,224.093,2.23
74,2011-04-29,0.5188654698151006,1984.0,2.71,8997.9,224.806,2.45
75,2011-05-13,0.5323027576095277,1887.4,2.61,9050.4,224.806,2.15
76,2011-05-31,0.5551203753034106,2017.2,2.60,9017.1,224.806,2.00
77,2011-06-15,0.5468918006892641,1887.6,2.60,9095.1,224.806,1.99
78,2011-06-30,0.54700848456606,2011.8,2.73,9117.1,225.395,2.03
79,2011-07-15,0.5483248109759045,1936.3,2.57,9244.6,225.395,1.98
80,2011-07-29,0.5535322838008807,2140.5,2.46,9387.6,226.106,2.07
81,2011-08-15,0.555458440376456,2041.8,2.10,9480.6,226.106,1.80
82,2011-08-31,0.5494369591715923,2185.0,2.03,9437.3,226.597,1.72
83,2011-09-15,0.5699889061269707,2016.2,1.88,9523.1,226.597,1.73
84,2011-09-30,0.5853359729299297,2227.5,1.67,9538.8,226.75,1.50
85,2011-10-14,0.5929827898345192,2073.2,1.98,9596.6,226.75,1.66
86,2011-10-31,0.5785976337245865,2220.1,1.92,9528.6,227.169,1.88
87,2011-11-15,0.5786121672165663,2095.6,1.80,9657.6,227.169,1.76
88,2011-11-30,0.5791672913495589,2253.1,1.83,9616.6,227.223,1.76
89,2011-12-15,0.5990681531040927,2107.7,1.66,9717.5,227.223,1.61
90,2011-12-30,0.5999157075380437,2376.5,1.64,9826.7,227.842,1.59
91,2012-01-13,0.5797150932260177,2148.4,1.65,9805.5,227.842,1.69
92,2012-01-31,0.5772688009586232,2271.7,1.61,9677.5,228.329,1.88
93,2012-02-15,0.5800437481101349,2136.6,1.64,9792.0,228.329,1.90
94,2012-02-29,0.6039086518851637,2253.2,1.68,9777.0,228.807,1.99
95,2012-03-15,0.6122546938789097,2162.5,1.92,9908.9,228.807,2.13
96,2012-03-30,0.614436646500773,2362.6,1.90,9959.8,229.187,2.02
97,2012-04-13,0.6141641215643685,2218.0,1.75,10026.5,229.187,1.91
98,2012-04-30,0.6140448522714888,2343.4,1.68,9837.0,228.713,2.06
99,2012-05-15,0.5950369406987935,2189.8,1.47,9904.2,228.713,1.92
100,2012-05-31,0.5738916643549381,2314.6,1.32,9845.2,228.524,1.72
101,2012-06-14,0.5811364958043419,2205.4,1.34,9987.3,228.524,1.79
102,2012-06-28,0.5775206541654732,2309.7,1.29,9890.0,228.59,1.64
103,2012-07-12,0.5720451427840766,2270.9,1.25,10042.6,228.59,1.76
104,2012-07-26,0.5707453938532084,2307.8,1.22,9958.1,229.918,1.71
105,2012-08-09,0.568924241937981,2295.9,1.40,10068.3,229.918,1.92
106,2012-08-23,0.5602290591622962,2312.1,1.42,10062.9,229.918,1.96
107,2012-09-06,0.567725363934906,2474.5,1.41,10131.5,231.015,2.01
108,2012-09-20,0.5644579986556457,2286.7,1.53,10198.5,231.015,2.21
109,2012-10-04,0.5616097154960127,2454.9,1.47,10196.6,231.638,2.25
110,2012-10-18,0.5578106633835486,2341.7,1.57,10273.4,231.638,2.22
111,2012-11-01,0.5265708564693917,2523.7,1.45,10220.2,231.249,2.13
112,2012-11-15,0.5441783611053665,2335.6,1.34,10341.1,231.249,2.00
113,2012-11-29,0.5277241249219184,2464.6,1.37,10311.4,231.221,2.00
114,2012-12-13,0.5252625878719583,2382.9,1.47,10462.2,231.221,2.12
115,2012-12-27,0.5712280912658503,2564.4,1.48,10549.5,231.679,2.11
116,2013-01-10,0.636680539496159,2465.9,1.65,10630.2,231.679,2.20
117,2013-01-24,0.5928509807033739,2466.3,1.65,10475.0,231.679,2.22
118,2013-02-07,0.5614558714612663,2509.0,1.74,10464.8,232.937,2.29
119,2013-02-21,0.5614399124706412,2435.4,1.73,10480.5,232.937,2.19
120,2013-03-07,0.5660631383361188,2478.1,1.75,10572.1,232.282,2.22
121,2013-03-21,0.5359937662920361,2438.2,1.68,10627.2,232.282,2.22
122,2013-04-04,0.5453838787042895,2670.6,1.56,10720.4,231.797,2.13
123,2013-04-18,0.5356315446361365,2482.7,1.48,10740.2,231.797,2.00
124,2013-05-02,0.5374965078939067,2651.0,1.46,10531.7,231.893,1.99
125,2013-05-16,0.5204945475973568,2435.1,1.64,10598.1,231.893,1.97
126,2013-05-30,0.5240664946768965,2590.2,1.82,10539.1,232.445,1.83
127,2013-06-13,0.5117036151538226,2437.0,1.87,10667.6,232.445,1.80
128,2013-06-27,0.5725576879227403,2537.4,2.13,10560.2,232.9,1.73
129,2013-07-11,0.5602924329025548,2467.7,2.26,10706.1,232.9,1.82
130,2013-07-25,0.5685677714003685,2547.5,2.29,10660.8,233.456,1.83
131,2013-08-08,0.5716215724169529,2549.3,2.28,10749.7,233.456,1.90
132,2013-08-22,0.5096304461774259,2499.5,2.48,10727.8,233.456,1.77
133,2013-09-05,0.4742313574720768,2673.4,2.46,10775.1,233.544,1.71
134,2013-09-19,0.4854474066197274,2472.1,2.42,10821.5,233.544,1.83
135,2013-10-03,0.4750167798786535,2689.2,2.29,10827.1,233.669,1.77
136,2013-10-17,0.5252397320012051,2548.2,2.28,10955.6,233.669,1.77
137,2013-10-31,0.5430413535063772,2706.5,2.26,10896.8,234.1,1.74
138,2013-11-14,0.5112251282310257,2513.7,2.40,10960.9,234.1,1.80
139,2013-11-27,0.438537610825004,2655.7,2.46,10941.3,234.719,1.71
140,2013-12-12,0.4222550113356009,2584.2,2.55,11073.3,234.719,1.65
141,2013-12-26,0.4356002491723678,2765.0,2.58,11116.8,235.288,1.70
142,2014-01-23,0.4505198246327878,2674.9,2.40,11100.9,235.288,1.72
143,2014-02-06,0.504239426898718,2839.2,2.40,11089.1,235.547,1.82
144,2014-02-20,0.52709737270148,2659.6,2.42,11187.0,235.547,1.78
145,2014-03-06,0.5428111123284919,2808.7,2.37,11207.4,236.028,1.84
146,2014-03-20,0.5502286556507952,2695.6,2.34,11299.7,236.028,1.75
147,2014-04-03,0.5475851905873912,2925.3,2.34,11304.2,236.468,1.68
148,2014-04-17,0.5418598539630289,2732.3,2.30,11405.1,236.468,1.95
149,2014-04-24,0.5740832908263778,2836.8,2.27,11344.5,236.918,1.99
150,2014-05-01,0.6074150181136025,2908.8,2.22,11220.6,236.918,1.96
151,2014-05-08,0.628241339401965,2794.5,2.21,11274.3,236.918,1.93
152,2014-05-15,0.5993472018506519,2692.1,2.12,11275.3,236.918,1.96
153,2014-05-22,0.6095595341228152,2747.2,2.19,11268.0,236.918,1.97
154,2014-05-29,0.5712297413157031,2840.8,2.08,11240.7,237.231,1.96
155,2014-06-05,0.5579045108187647,2910.0,2.19,11335.3,237.231,1.92
156,2014-06-12,0.5413667543580981,2730.9,2.16,11353.6,237.231,1.95
157,2014-06-19,0.5223558150263983,2757.7,2.16,11370.0,237.231,2.02
158,2014-06-26,0.5115348503096407,2838.1,2.07,11279.8,237.498,2.02
159,2014-07-03,0.5155156340442129,2963.5,2.13,11332.9,237.498,2.03
160,2014-07-10,0.5207466687329262,2772.0,2.09,11415.5,237.498,2.00
161,2014-07-17,0.5238890555554818,2753.3,2.00,11412.4,237.498,1.97
162,2014-07-24,0.4779038854597847,2830.8,1.99,11382.9,237.498,1.93
163,2014-07-31,0.4592566156692206,2933.0,2.05,11353.4,237.46,1.97
164,2014-08-07,0.4815730804071178,2896.3,1.99,11450.8,237.46,1.89
165,2014-08-14,0.489578673322042,2698.0,1.98,11420.8,237.46,1.84
166,2014-08-21,0.4961915431377477,2731.7,1.92,11431.7,237.46,1.80
167,2014-08-28,0.513970049277808,2817.6,1.84,11373.5,237.477,1.77
168,2014-09-04,0.5054928518280855,2923.1,1.91,11432.4,237.477,1.76
169,2014-09-10,0.4929131050162439,2737.7,1.96,11485.7,237.477,1.69
170,2014-09-17,0.4773350288904244,2750.6,2.03,11506.0,237.477,1.63
171,2014-09-24,0.4642344703505776,2826.5,1.98,11427.3,237.43,1.66
172,2014-10-01,0.4694070949964579,2979.3,1.89,11441.2,237.43,1.60
173,2014-10-08,0.4876236584223298,2827.3,1.89,11547.1,237.43,1.54
174,2014-10-15,0.4645806614451419,2759.7,1.81,11547.5,237.43,1.37
175,2014-10-22,0.4372796843934134,2842.7,1.84,11560.2,237.43,1.47
176,2014-10-29,0.4268691598062472,2953.2,1.86,11516.3,236.983,1.47
177,2014-11-05,0.460703041818128,3017.7,1.84,11565.7,236.983,1.54
178,2014-11-12,0.419627476899431,2769.9,1.82,11612.1,236.983,1.53
179,2014-11-19,0.3998333056879721,2776.7,1.82,11633.7,236.983,1.39
180,2014-11-26,0.4307326433774645,2871.1,1.71,11571.1,236.252,1.44
181,2014-12-03,0.4851710213997607,2978.0,1.72,11659.8,236.252,1.38
182,2014-12-10,0.4141705948835036,2837.4,1.59,11715.7,236.252,1.27
183,2014-12-17,0.4523278461617949,2884.2,1.52,11755.5,236.252,1.22
184,2014-12-24,0.5266681349181801,3030.6,1.54,11774.6,236.252,1.26
185,2014-12-31,0.5290511612993054,3172.3,1.50,11789.7,234.747,1.27
186,2015-01-07,0.5474064445966654,3030.2,1.34,11820.4,234.747,1.16
187,2015-01-14,0.5687781355485834,2839.0,1.35,11797.6,234.747,1.18
188,2015-01-21,0.6004642232286327,2871.6,1.34,11752.4,234.747,1.17
189,2015-01-28,0.6334960195385472,2978.3,1.23,11677.4,235.342,1.24
190,2015-02-04,0.6557741204098778,3093.4,1.29,11778.6,235.342,1.35
191,2015-02-11,0.6424168682213113,2898.3,1.33,11811.8,235.342,1.32
192,2015-02-18,0.631738199788703,2927.6,1.45,11854.8,235.342,1.32
193,2015-02-25,0.6323292670295366,3005.0,1.35,11840.5,235.976,1.36
194,2015-03-04,0.6351602060291656,3082.6,1.46,11918.4,235.976,1.61
195,2015-03-11,0.6444415558130605,2919.7,1.41,11946.9,235.976,1.45
196,2015-03-18,0.635901646236604,2938.3,1.36,11979.0,235.976,1.33
197,2015-03-25,0.6324644098455262,3040.0,1.34,11923.4,236.222,1.56
198,2015-04-01,0.6248833089400079,3169.7,1.32,11960.9,236.222,1.58
199,2015-04-08,0.6082509218681195,3010.8,1.38,12113.2,236.222,1.58
200,2015-04-15,0.6019883568484099,2943.1,1.40,12091.5,236.222,1.59
201,2015-04-22,0.608438557933804,3040.3,1.42,12034.3,236.222,1.60
202,2015-04-29,0.5763558797538103,3108.6,1.50,11852.8,237.001,1.70
203,2015-05-06,0.5740108713872282,3041.9,1.60,11898.0,237.001,1.69
204,2015-05-13,0.5840659805221559,2880.4,1.68,11904.9,237.001,1.67
205,2015-05-20,0.5920667771338768,2924.3,1.66,11919.2,237.001,1.65
206,2015-05-27,0.5308439063602894,3031.1,1.50,11873.4,237.657,1.54
207,2015-06-03,0.5411821513552555,3087.5,1.69,11932.7,237.657,1.59
208,2015-06-10,0.5280004492262503,2901.8,1.75,11969.8,237.657,1.66
209,2015-06-17,0.5052053970276047,2930.7,1.65,11985.5,237.657,1.69
210,2015-06-24,0.4923453026745669,3038.0,1.70,11930.0,238.034,1.64
211,2015-07-01,0.4810263305268906,3188.8,1.74,11947.4,238.034,1.60
212,2015-07-08,0.4773500632725226,3026.4,1.67,12080.6,238.034,1.54
213,2015-07-15,0.4664829632965724,2930.2,1.72,12035.2,238.034,1.53
214,2015-07-22,0.455760188144624,3006.3,1.58,11998.6,238.034,1.48
215,2015-07-29,0.4647033121421328,3114.7,1.59,11949.6,238.033,1.40
216,2015-08-05,0.4847612147878387,3188.6,1.55,12034.7,238.033,1.31
217,2015-08-12,0.5344943747034698,2915.3,1.47,12063.6,238.033,1.27
218,2015-08-19,0.4838171768122705,2946.7,1.45,12096.8,238.033,1.17
219,2015-08-26,0.4580492433500703,3032.0,1.51,12041.3,237.498,1.13
220,2015-09-02,0.454742952359883,3144.0,1.48,12076.4,237.498,1.19
221,2015-09-09,0.4481312560888937,2932.9,1.46,12161.1,237.498,1.15
222,2015-09-16,0.4464679685903159,2915.6,1.48,12187.3,237.498,1.21
223,2015-09-23,0.4467529445729045,3013.5,1.46,12133.7,237.498,1.16
224,2015-09-30,0.449108528892328,3146.2,1.42,12074.0,237.733,1.07
225,2015-10-07,0.4417446111690579,3025.5,1.43,12171.1,237.733,1.22
226,2015-10-14,0.4503372368134793,2886.1,1.42,12160.6,237.733,1.15
227,2015-10-21,0.4631094229706572,2959.5,1.40,12167.4,237.733,1.13
228,2015-10-28,0.476051487828429,3085.4,1.37,12132.9,238.017,1.14
229,2015-11-04,0.485206313937797,3194.3,1.41,12249.4,238.017,1.26
230,2015-11-11,0.4663283582711103,2963.4,.,12291.9,238.017,.
231,2015-11-18,0.4891785388632382,2970.1,1.37,12323.5,238.017,1.25
232,2015-11-25,0.4756281249724165,3077.4,1.30,12270.8,237.761,1.31
233,2015-12-02,0.4955334619874581,3193.6,1.24,12304.6,237.761,1.27
234,2015-12-09,0.4679765881021674,2974.9,1.29,12369.4,237.761,1.21
235,2015-12-16,0.448186739841162,3006.3,1.28,12406.6,237.761,1.20
236,2015-12-23,0.5101640032967256,3168.4,1.26,12461.7,237.761,1.25
237,2015-12-31,0.4941269910545563,3312.0,1.21,12453.0,237.652,1.31
238,2016-01-06,0.4677604858614323,3314.7,1.19,12486.2,237.652,1.26
239,2016-01-13,0.4466396668867915,2986.3,1.17,12541.3,237.652,1.18
240,2016-01-20,0.4003315059665067,3006.8,1.16,12497.2,237.652,1.10
241,2016-01-27,0.4091782135956581,3103.2,1.18,12412.0,237.336,1.18
242,2016-02-03,0.4323870211288901,3176.3,1.16,12454.7,237.336,1.16
243,2016-02-11,0.3768938629999617,2986.3,0.99,12467.4,237.336,0.94
244,2016-02-18,0.4187078291582185,3042.0,1.04,12533.9,237.336,1.02
245,2016-02-24,0.472227867554754,3115.5,1.00,12520.9,238.08,1.15
246,2016-03-02,0.4534611182371078,3248.4,0.99,12549.1,238.08,1.34
247,2016-03-09,0.426090855015685,3041.5,1.00,12647.2,238.08,1.37
248,2016-03-16,0.4464067796411018,3040.2,1.07,12671.0,238.08,1.45
249,2016-03-23,0.4795972908458885,3175.6,1.01,12673.3,238.08,1.44
250,2016-03-30,0.4486365057807703,3356.8,1.07,12723.6,238.992,1.52
251,2016-04-06,0.4541598456825624,3288.1,1.03,12814.2,238.992,1.43
252,2016-04-13,0.4866405535953689,3117.8,1.02,12828.9,238.992,1.43
253,2016-04-20,0.5055389250185798,3191.6,1.05,12839.9,238.992,1.49
254,2016-04-27,0.5341955601447254,3306.9,1.04,12683.1,239.557,1.57
255,2016-05-04,0.5444970415820025,3366.5,1.04,12699.2,239.557,1.52
256,2016-05-11,0.4756760462588528,3143.6,0.99,12719.6,239.557,1.53
257,2016-05-18,0.4639199146840999,3162.0,0.97,12735.6,239.557,1.54
258,2016-05-25,0.4620694885663859,3257.0,0.95,12689.0,240.222,1.51
259,2016-06-01,0.4830166195752052,3345.8,0.94,12676.4,240.222,1.47
260,2016-06-08,0.471568220419379,3167.7,0.93,12789.9,240.222,1.54
261,2016-06-15,0.5455737699408458,3136.0,0.91,12829.4,240.222,1.47
262,2016-06-22,0.5375669350290969,3242.3,0.94,12797.6,240.222,1.41
263,2016-06-29,0.5332008422453441,3354.4,0.88,12727.5,240.101,1.36
264,2016-07-06,0.5171530785725863,3336.6,0.80,12857.6,240.101,1.41
265,2016-07-13,0.4564643468658343,3140.7,0.80,12856.3,240.101,1.43
266,2016-07-20,0.4626159716949696,3182.4,0.86,12858.5,240.101,1.40
267,2016-07-27,0.4749477232362702,3291.5,0.79,12793.1,240.545,1.31
268,2016-08-03,0.4908520004234123,3377.3,0.88,12885.4,240.545,1.28
269,2016-08-10,0.4610611600991232,3203.0,0.81,12959.0,240.545,1.27
270,2016-08-17,0.4700554055006457,3228.8,0.82,12963.8,240.545,1.31
271,2016-08-24,0.5105656219908989,3333.5,0.80,12935.0,240.545,1.32
272,2016-08-31,0.5534085573975271,3465.2,0.78,12916.5,241.176,1.27
273,2016-09-07,0.4957445271524152,3304.6,0.80,13026.3,241.176,1.30
274,2016-09-14,0.4463304820685832,3192.1,0.93,13068.9,241.176,1.30
275,2016-09-21,0.4669841934427069,3249.5,0.87,13025.9,241.176,1.37
276,2016-09-28,0.5303765632116052,3381.6,0.82,12932.8,241.741,1.44
277,2016-10-05,0.5222413321042249,3467.0,0.87,13043.9,241.741,1.48
278,2016-10-12,0.5232085249174405,3227.2,0.92,13095.5,241.741,1.51
279,2016-10-19,0.5178281497548906,3229.2,0.95,13115.3,241.741,1.56
280,2016-10-26,0.5098085578549535,3330.2,0.93,13025.1,242.026,1.58
281,2016-11-02,0.5100324962624887,3482.8,1.00,13076.0,242.026,1.55
282,2016-11-09,0.5081892945844149,3227.6,1.17,13158.6,242.026,1.67
283,2016-11-16,0.5174138341464535,3231.3,1.22,13204.1,242.026,1.66
284,2016-11-23,0.5515992199784692,3341.1,1.24,13215.4,242.026,1.74
285,2016-11-30,0.5955583907503147,3463.6,1.26,13184.9,242.637,1.77
286,2016-12-07,0.5774804728105063,3332.2,1.24,13259.5,242.637,1.78
287,2016-12-14,0.5666299681921546,3234.4,1.27,13281.1,242.637,1.82
288,2016-12-21,0.557192660143046,3340.5,1.34,13301.8,242.637,1.74
289,2016-12-28,0.5494700659992667,3519.3,1.25,13296.0,243.618,1.85
290,2017-01-04,0.55040828880115,3571.6,1.22,13346.1,243.618,1.86
291,2017-01-11,0.5498707709707812,3306.4,1.18,13369.2,243.618,1.85
292,2017-01-18,0.5455155290945505,3297.0,1.19,13333.9,243.618,1.86
293,2017-01-25,0.5523523428397332,3371.8,1.30,13234.4,244.006,1.96
294,2017-02-01,0.5493872664285198,3517.9,1.26,13180.5,244.006,1.92
295,2017-02-08,0.5972077749815204,3306.5,1.19,13277.6,244.006,1.82
296,2017-02-15,0.6098754380110777,3258.5,1.24,13297.7,244.006,1.93
297,2017-02-22,0.62237600981117,3373.9,1.20,13300.5,243.892,1.92
298,2017-03-01,0.642266074416915,3495.8,1.17,13322.6,243.892,1.84
299,2017-03-08,0.6264500526557283,3363.3,1.21,13448.1,243.892,1.90
300,2017-03-15,0.629330591836317,3347.9,1.18,13502.1,243.892,1.84
301,2017-03-22,0.656547876585752,3459.2,1.13,13501.3,243.892,1.79
302,2017-03-29,0.6755671383833863,3594.6,1.13,13470.1,244.193,1.80
303,2017-04-05,0.6876256386058146,3682.9,1.10,13581.8,244.193,1.77
304,2017-04-12,0.7023252757795114,3361.9,1.04,13632.5,244.193,1.69
305,2017-04-20,0.7167666902859112,3431.8,1.03,13673.2,244.193,1.82
306,2017-04-26,0.7188162669002232,3518.4,1.04,13468.6,244.004,1.83
307,2017-05-03,0.7202388565602719,3584.5,1.03,13449.4,244.004,1.76
308,2017-05-10,0.714135923538757,3389.5,1.06,13472.0,244.004,1.78
309,2017-05-17,0.6979165617967549,3427.2,0.96,13490.5,244.004,1.70
310,2017-05-24,0.6945196423477982,3541.3,0.97,13467.2,244.004,1.73
311,2017-05-31,0.6923399690232122,3667.7,0.93,13453.2,244.163,1.72
312,2017-06-07,0.6962918758711208,3507.5,0.86,13554.8,244.163,1.69
313,2017-06-14,0.6984114446492582,3387.5,0.80,13548.3,244.163,1.59
314,2017-06-22,0.6978176621281391,3481.5,0.81,13527.9,244.163,1.57
315,2017-06-28,0.700454643371396,3649.9,0.88,13449.4,244.243,1.65
316,2017-07-05,0.6962485421141835,3717.8,0.92,13562.0,244.243,1.65
317,2017-07-12,0.6915944620791639,3428.6,0.98,13617.5,244.243,1.63
318,2017-07-19,0.6835173682563164,3428.0,0.90,13607.2,244.243,1.65
319,2017-07-26,0.6725974502866023,3564.4,0.93,13522.7,245.183,1.66
320,2017-08-02,0.6578541874241564,3726.0,0.91,13580.1,245.183,1.63
321,2017-08-09,0.642601690296135,3460.7,0.91,13669.8,245.183,1.7
322,2017-08-16,0.6475389148639442,3464.4,0.9,13661.0,245.183,1.62
323,2017-08-23,0.6503481572918235,3612.5,0.85,13656.5,245.183,1.58
324,2017-08-30,0.6582391892915854,3729.4,0.82,13625.6,246.435,1.57
325,2017-09-06,0.6734531535220384,3624.7,0.8,13716.4,246.435,1.6
326,2017-09-13,0.6830245388837441,3439.0,0.85,13745.0,246.435,1.68
327,2017-09-20,0.6864972739493298,3479.5,0.83,13721.4,246.435,1.71
328,2017-09-27,0.6855840082241248,3599.2,0.84,13613.7,246.626,1.74
329,2017-10-04,0.6829409841390661,3706.2,0.86,13738.2,246.626,1.73
330,2017-10-11,0.6827370335819896,3490.8,0.84,13778.1,246.626,1.75
331,2017-10-18,0.683645624865145,3497.7,0.75,13789.0,246.626,1.69
332,2017-10-25,0.6770365397720683,3615.3,0.83,13704.6,247.284,1.74
333,2017-11-01,0.6727421595448654,3765.2,0.76,13711.2,247.284,1.71
334,2017-11-08,0.6748787554860535,3551.0,0.67,13822.2,247.284,1.77
335,2017-11-15,0.6727522108528922,3478.8,0.65,13825.5,247.284,1.78
336,2017-11-22,0.668660770846389,3588.4,0.58,13821.2,247.284,1.75
337,2017-11-29,0.680777593521197,3732.3,0.59,13803.6,247.805,1.69
338,2017-12-06,0.6901270811654886,3678.2,0.55,13878.3,247.805,1.74
339,2017-12-13,0.7072790076763078,3505.5,0.57,13935.0,247.805,1.74
340,2017-12-20,0.7084916493574709,3592.0,0.62,13965.8,247.805,1.74
341,2017-12-27,0.7098494021889719,3746.1,0.53,13934.4,248.859,1.82
342,2018-01-03,0.7128001053062739,3825.9,0.5,13962.7,248.859,1.87
343,2018-01-10,0.7121017477484938,3587.5,0.57,13969.3,248.859,1.94
344,2018-01-17,0.7105463760822178,3568.6,0.52,13920.3,248.859,1.9
345,2018-01-24,0.7063854815430195,3630.1,0.57,13823.5,248.859,1.96
346,2018-01-31,0.7011477965654176,3754.9,0.58,13745.1,249.529,1.98
347,2018-02-07,0.7002715750987529,3602.5,0.69,13839.2,249.529,1.9
348,2018-02-14,0.7027866342464124,3455.6,0.74,13835.0,249.529,1.91
349,2018-02-21,0.7018995443104619,3538.6,0.68,13841.9,249.529,2.06
350,2018-02-28,0.7070694131117204,3676.0,0.62,13841.0,249.577,2.04
351,2018-03-07,0.7184537241681247,3653.0,0.64,13993.0,249.577,2.1
352,2018-03-14,0.7182955276269395,3555.3,0.55,14015.2,249.577,2.04
353,2018-03-21,0.7224257737402401,3638.5,0.58,14018.9,249.577,1.96
354,2018-03-28,0.7208857364082665,3775.9,0.49,13994.3,250.227,1.91
355,2018-04-04,0.7198345013579108,3883.4,0.51,14151.3,250.227,2.04
356,2018-04-11,0.7165487237048628,3583.6,0.47,14148.5,250.227,2.06
357,2018-04-18,0.7053490080622581,3606.2,0.45,14169.7,250.227,2.04
358,2018-04-25,0.6941646445116997,3738.1,0.54,14008.6,250.792,2.09
359,2018-05-02,0.687258712138416,3832.1,0.48,13915.7,250.792,2.09
360,2018-05-09,0.6825878564425988,3548.7,0.46,13975.4,250.792,2.13
361,2018-05-16,0.6820088639395677,3536.6,0.51,13991.8,250.792,2.16
362,2018-05-23,0.6896746964495961,3655.4,0.48,13976.1,250.792,2.12
363,2018-05-30,0.6959712344051896,3789.2,0.42,13958.9,251.018,2.0
364,2018-06-06,0.7035269294410411,3743.6,0.45,14080.9,251.018,2.06
365,2018-06-13,0.7088057053367398,3519.9,0.39,14091.2,251.018,2.09
366,2018-06-20,0.7092214022732394,3601.8,0.37,14108.4,251.018,2.06
367,2018-06-27,0.7066150296952212,3716.8,0.31,13987.3,251.214,2.07
368,2018-07-03,0.7076599859352513,3828.6,0.3,14112.3,251.214,2.08
369,2018-07-11,0.7088525838730769,3576.2,0.27,14149.7,251.214,2.07
370,2018-07-18,0.7109359411920368,3572.2,0.28,14140.3,251.214,2.03
371,2018-07-25,0.7097808558874007,3674.4,0.28,14058.1,251.663,2.01
372,2018-08-01,0.7100305486099466,3845.5,0.33,14069.7,251.663,2.0
373,2018-08-08,0.7077228252465945,3634.5,0.28,14169.2,251.663,1.98
374,2018-08-15,0.7017300633520672,3563.5,0.25,14177.5,251.663,1.97
375,2018-08-22,0.6953098333289737,3656.5,0.22,14166.7,251.663,1.96
376,2018-08-29,0.6846827708554308,3804.8,0.22,14130.4,252.182,2.0
377,2018-09-05,0.692308965747749,3911.2,0.24,14222.0,252.182,1.98
378,2018-09-12,0.7049601932692379,3559.3,0.23,14227.0,252.182,2.02
379,2018-09-19,0.7198247749200559,3560.3,0.27,14233.1,252.182,2.02
380,2018-09-26,0.7316889283573333,3682.9,0.23,14113.1,252.772,2.04
381,2018-10-03,0.7345393663220685,3808.7,0.3,14202.0,252.772,2.07
382,2018-10-10,0.735703288849594,3591.7,0.34,14213.3,252.772,2.04
383,2018-10-17,0.728234570243444,3608.7,0.3,14243.1,252.772,2.0
384,2018-10-24,0.7283851757718119,3737.2,0.26,14189.0,252.772,1.93
385,2018-10-31,0.7234525988030593,3890.6,0.28,14152.2,252.594,1.9
386,2018-11-07,0.7102440631909067,3709.4,0.26,14243.1,252.594,1.93
387,2018-11-14,0.7129249023262623,3547.4,0.26,14232.9,252.594,1.85
388,2018-11-22,0.7069755895211653,3634.9,.,14271.1,252.594,.
389,2018-11-28,0.7096246327524475,3765.0,0.25,14221.3,252.767,1.74
390,2018-12-04,0.7263359489525091,3888.3,0.11,14349.5,252.767,1.74
391,2018-12-12,0.7263386056904608,3644.5,0.14,14393.2,252.767,1.62
392,2018-12-19,0.7140896321081842,3662.1,0.14,14414.7,252.767,1.56
393,2018-12-26,0.7198262710791808,3878.3,0.2,14482.4,252.561,1.57
394,2019-01-02,0.7294090889444064,3997.8,0.16,14529.5,252.561,1.49
395,2019-01-09,0.7345010043593245,3705.0,0.18,14533.9,252.561,1.68
396,2019-01-16,0.7327144876461733,3620.6,0.18,14485.4,252.561,1.64
397,2019-01-23,0.7354386945616137,3725.9,0.18,14393.7,252.561,1.64
398,2019-01-30,0.7346646944782526,3864.2,0.18,14324.5,253.319,1.68
399,2019-02-06,0.7341710387016387,3817.6,0.18,14389.3,253.319,1.71
400,2019-02-13,0.7204646145332332,3605.0,0.18,14393.8,253.319,1.76
401,2019-02-20,0.7148435210802664,3659.5,0.15,14393.7,253.319,1.79
402,2019-02-27,0.7117126947591617,3760.6,0.19,14373.7,254.277,1.84
403,2019-03-06,0.7103246020291609,3793.1,0.17,14519.1,254.277,1.81
404,2019-03-13,0.7090785701335096,3619.4,0.16,14561.9,254.277,1.84
405,2019-03-20,0.7094502814707517,3678.3,0.14,14571.7,254.277,1.88
406,2019-03-27,0.7092152777800621,3813.5,0.17,14532.7,255.233,1.74
407,2019-04-03,0.7089752831745766,3945.6,0.19,14652.3,255.233,1.81
408,2019-04-10,0.7083273329135769,3690.9,0.17,14700.3,255.233,1.83
409,2019-04-17,0.7082807086817916,3734.6,0.19,14722.7,255.233,1.84
410,2019-04-24,0.708366403658598,3862.5,0.21,14590.0,255.296,1.87
411,2019-05-01,0.7083757826626853,3986.0,0.21,14475.5,255.296,1.83
412,2019-05-08,0.7059709787018777,3716.7,0.19,14553.0,255.296,1.75
413,2019-05-15,0.6927565249312796,3642.0,0.21,14551.0,255.296,1.74
414,2019-05-22,0.6837292375170526,3767.0,0.16,14575.9,255.296,1.68
415,2019-05-29,0.6851473232382211,3918.4,0.16,14565.3,255.213,1.59
416,2019-06-05,0.7320470778735528,4001.2,0.29,14697.1,255.213,1.59
417,2019-06-12,0.7332910833779454,3696.4,0.25,14738.6,255.213,1.53
418,2019-06-19,0.7301695133511493,3750.9,0.29,14779.2,255.213,1.53
419,2019-06-26,0.7289074770996834,3852.4,0.28,14659.0,255.802,1.56
420,2019-07-03,0.7183920262531089,3977.7,0.19,14778.0,255.802,1.51
421,2019-07-10,0.701093886920085,3757.9,0.25,14854.4,255.802,1.59
422,2019-07-17,0.6852621557243224,3732.3,0.23,14810.0,255.802,1.6
423,2019-07-24,0.6634243341267277,3862.3,0.22,14777.7,255.802,1.59
424,2019-07-31,0.6690231696070833,4034.5,0.13,14789.1,256.036,1.56
425,2019-08-07,0.6800749197027445,3892.7,0.12,14923.6,256.036,1.38
426,2019-08-14,0.6252489615198031,3727.3,0.01,14906.6,256.036,1.36
427,2019-08-21,0.6332459893647214,3794.0,0.03,14893.2,256.036,1.34
428,2019-08-28,0.6404995390871007,3919.8,-0.03,14831.4,256.43,1.36
429,2019-09-04,0.6573481257394664,4054.4,0.04,14946.3,256.43,1.31
430,2019-09-11,0.6583067928660385,3770.2,0.07,14997.4,256.43,1.4
431,2019-09-18,0.662976519997978,3753.5,0.03,15002.7,256.43,1.4
432,2019-09-25,0.6628404044437564,3873.8,0.05,14933.2,257.155,1.41
433,2019-10-02,0.6607983662760827,4063.8,0.12,15012.9,257.155,1.29
434,2019-10-09,0.6679371433234207,3806.6,0.12,15113.9,257.155,1.24
435,2019-10-16,0.6651809369084634,3798.1,0.17,15125.5,257.155,1.35
436,2019-10-23,0.6614539930700545,3909.8,0.19,15116.7,257.155,1.52
437,2019-10-30,0.6555725847244082,4078.5,0.17,15077.4,257.879,1.47
438,2019-11-06,0.6518536196139105,4021.9,0.2,15219.6,257.879,1.57
439,2019-11-13,0.6509764980192332,3793.6,0.25,15222.3,257.879,1.58
440,2019-11-20,0.6525922936524776,3846.3,0.17,15281.7,257.879,1.51
441,2019-11-27,0.6485161268704913,4003.1,0.14,15231.3,258.63,1.54
442,2019-12-04,0.6484226430084111,4100.4,0.19,15326.6,258.63,1.54
443,2019-12-11,0.6537080696244898,3870.5,0.18,15336.8,258.63,1.6
444,2019-12-18,0.6615684586061895,3926.3,0.29,15427.8,258.63,1.68
445,2019-12-26,0.6596918696770919,4113.7,0.26,15440.9,258.906,1.66
446,2020-01-02,0.6680792662914841,4247.0,0.3,15452.4,258.906,1.72
447,2020-01-08,0.6731325027194389,3991.5,0.29,15484.9,258.906,1.68
448,2020-01-15,0.6767898229033652,3847.1,0.23,15452.8,258.906,1.67
449,2020-01-22,0.682370880637475,3943.5,0.24,15406.7,258.906,1.64
450,2020-01-29,0.6795251021570592,4060.2,0.18,15294.0,259.246,1.58
451,2020-02-05,0.6771888665889413,4156.5,0.22,15358.3,259.246,1.61
452,2020-02-12,0.6445358944421492,3839.2,0.18,15361.7,259.246,1.64
453,2020-02-19,0.6102795261988618,3857.6,0.14,15392.9,259.246,1.65
454,2020-02-26,0.5250318281591616,3948.7,0.17,15328.1,258.15,1.5
455,2020-03-05,0.6158127626783312,4078.4,0.33,15488.6,258.15,1.28
456,2020-03-11,0.5910006259473665,3940.5,0.32,15624.4,258.15,0.69
457,2020-03-18,0.6341620036318041,4055.1,0.64,15818.1,258.15,0.16
458,2020-03-25,0.6669416193719064,4374.7,0.54,16193.0,256.126,0.69
459,2020-04-01,0.6938156326488798,4772.3,0.39,16614.3,256.126,0.56
460,2020-04-08,0.7123745791166327,4607.1,0.5,16773.1,256.126,0.87
461,2020-04-15,0.7242061876517111,4620.4,0.43,16919.6,256.126,0.87
462,2020-04-22,0.7313013096554893,4879.4,0.41,17180.3,256.126,0.69
463,2020-04-29,0.7308188525108862,5108.9,0.43,17318.7,255.848,0.78
464,2020-05-06,0.7282459262989165,15940.7,0.55,17536.3,255.848,0.71
465,2020-05-20,0.7344694949365276,16208.0,0.52,17805.4,255.848,0.83
466,2020-05-27,0.7396865356533484,16179.4,0.49,17780.1,257.004,0.82
467,2020-06-03,0.7420996810927375,16326.6,0.58,17910.9,257.004,0.88
468,2020-06-10,0.7421901455064108,16448.6,0.58,18022.7,257.004,1.0
469,2020-06-17,0.7439433858678312,16548.8,0.55,18110.7,257.004,1.01
470,2020-06-24,0.7435616078179794,16546.1,0.5,18101.2,258.408,1.1
471,2020-07-01,0.7401714495190299,16610.0,0.52,18155.5,258.408,1.17
472,2020-07-08,0.7336463118131156,16803.7,0.51,18338.6,258.408,1.25
473,2020-07-15,0.7250554875034945,16817.7,0.48,18341.8,258.408,1.28
474,2020-07-22,0.7199372350090983,16739.8,0.46,18240.3,258.408,1.4
475,2020-07-29,0.7159297860527527,16620.0,0.46,18108.3,259.366,1.38
476,2020-08-05,0.7138721215375177,16747.8,0.44,18220.4,259.366,1.52
477,2020-08-12,0.6949381778902496,16822.4,0.53,18286.9,259.366,1.56
478,2020-08-19,0.6764040572910108,16905.6,0.54,18356.5,259.366,1.55
479,2020-08-26,0.6593147254822347,16813.4,0.53,18257.4,259.951,1.63
480,2020-09-02,0.6403691315256366,16944.9,0.52,18376.9,259.951,1.61
481,2020-09-09,0.6094736394949418,17092.7,0.57,18512.7,259.951,1.57
482,2020-09-17,0.5952055973624628,17180.7,0.56,18596.7,259.951,1.57
483,2020-09-23,0.6008004085745329,17144.1,0.54,18550.0,259.951,1.48
484,2020-09-30,0.6015644517853452,17098.6,0.56,18488.3,260.249,1.5
485,2020-10-07,0.6015579274192748,17252.8,0.65,18632.7,260.249,1.54
486,2020-10-14,0.5509667214846453,17270.2,0.59,18646.0,260.249,1.52
487,2020-10-21,0.5281223842007583,17333.0,0.69,18702.3,260.249,1.56
488,2020-10-28,0.5126391030244158,17279.3,0.63,18640.9,260.895,1.61
489,2020-11-04,0.5273223524220197,17479.7,0.64,18829.5,260.895,1.56
490,2020-11-11,0.5270824719590159,17558.3,.,18910.0,260.895,.
491,2020-11-18,0.5165579280010041,17649.5,0.72,18993.5,260.895,1.63
492,2020-11-25,0.5211470683590957,17635.1,0.71,18969.1,262.005,1.67
493,2020-12-02,0.5651032207432306,17729.5,0.79,19049.9,262.005,1.76
494,2020-12-09,0.5975541541288624,17845.8,0.79,19156.4,262.005,1.84
495,2020-12-16,0.5447851663376605,17906.5,0.79,19206.5,262.005,1.9
496,2020-12-23,0.5198986829502484,17966.4,0.83,19260.6,262.005,1.93
497,2020-12-30,0.5392292341069069,18000.0,0.81,19292.9,262.518,1.92
498,2021-01-06,0.5534849601895794,18075.5,0.9,19364.5,262.518,2.04
499,2021-01-13,0.5912344027907408,18128.2,0.96,19424.4,262.518,2.04
500,2021-01-20,0.6395714609956731,18106.4,0.97,19396.9,262.518,2.15
501,2021-01-27,0.6742195806301101,17995.8,0.92,19279.6,263.583,2.15
502,2021-02-03,0.6923379479892433,18112.0,1.04,19385.3,263.583,2.27
503,2021-02-10,0.6749179852447076,18143.9,1.04,19419.2,263.583,2.31
504,2021-02-17,0.6588273806272541,18263.9,1.18,19527.4,263.583,2.35
505,2021-02-24,0.6435908058072456,18283.7,1.26,19540.0,264.91,2.38
506,2021-03-03,0.6592701161316863,18384.1,1.33,19626.5,264.91,2.45
507,2021-03-10,0.654964685247239,18486.6,1.37,19719.1,264.91,2.47
508,2021-03-17,0.6444548060662254,18625.7,1.5,19857.7,264.91,2.58
509,2021-03-24,0.6332659357396159,18815.1,1.48,20036.8,264.91,2.53
510,2021-03-31,0.6163510058872248,18895.9,1.58,20112.1,266.752,2.54
511,2021-04-07,0.6067281637359316,19109.1,1.52,20315.8,266.752,2.53
512,2021-04-14,0.5936112041019083,19111.0,1.48,20305.0,266.752,2.56
513,2021-04-21,0.5833285165166552,19116.5,1.42,20298.4,266.752,2.53
514,2021-04-28,0.5994424626722356,18972.4,1.46,20144.9,268.452,2.54
515,2021-05-05,0.607322720341565,19104.0,1.43,20268.8,268.452,2.68
516,2021-05-12,0.5908706366983543,19189.5,1.53,20348.0,268.452,2.72
517,2021-05-19,0.6028550083527325,19254.1,1.52,20405.7,268.452,2.66
518,2021-05-26,0.6164136232540035,19086.0,1.44,20228.8,270.664,2.6
519,2021-06-02,0.6336108094234438,19135.8,1.46,20275.0,270.664,2.59
520,2021-06-09,0.6002561111903063,19282.1,1.34,20418.6,270.664,2.41
521,2021-06-16,0.5586443018434765,19371.6,1.36,20503.6,270.664,2.41
522,2021-06-23,0.514806521388256,19280.9,1.24,20409.9,270.664,2.49
523,2021-06-30,0.5521855033576308,19237.4,1.2,20362.7,271.994,2.47
524,2021-07-07,0.5772514242060833,19417.5,1.11,20539.2,271.994,2.43
525,2021-07-14,0.5913442874959945,19414.6,1.14,20534.6,271.994,2.53
526,2021-07-21,0.6126262263953199,19453.3,1.08,20564.5,271.994,2.45
527,2021-07-28,0.6361967135386778,19410.0,1.06,20517.1,272.789,2.57
528,2021-08-04,0.6529412522867156,19543.4,1.02,20643.9,272.789,2.5
529,2021-08-11,0.6301663071866597,19601.8,1.12,20701.4,272.789,2.55
530,2021-08-18,0.6028930792202278,19675.7,1.04,20771.9,272.789,2.48
531,2021-08-25,0.5773224391635345,19654.6,1.12,20747.2,273.887,2.51
532,2021-09-01,0.6019753856217226,19691.8,1.11,20779.0,273.887,2.48
533,2021-09-08,0.58768664238325,19834.8,1.13,20920.6,273.887,2.53
534,2021-09-15,0.580477042870692,19880.1,1.1,20965.0,273.887,2.51
535,2021-09-22,0.5743356329176357,19839.0,1.07,20921.6,273.887,2.41
536,2021-09-29,0.565696445285075,19749.7,1.25,20831.4,276.434,2.52
537,2021-10-06,0.5723393598709201,19956.3,1.23,21036.1,276.434,2.57
538,2021-10-13,0.5857331186327925,19979.4,1.19,21061.1,276.434,2.68
539,2021-10-20,0.5985929577396064,20059.3,1.25,21137.0,276.434,2.77
540,2021-10-27,0.6039088640909224,19950.6,1.04,21025.4,278.799,2.96
541,2021-11-03,0.6122460724487552,20098.7,1.13,21169.0,278.799,2.86
542,2021-11-10,0.5915327155244353,20180.9,1.05,21251.0,278.799,3.08
543,2021-11-17,0.5819284816477565,20250.4,1.08,21316.7,278.799,3.14
544,2021-11-24,0.6186024271580003,20280.1,1.0,21346.1,280.808,3.03
545,2021-12-01,0.6659152551233134,20307.5,0.87,21373.9,280.808,2.7
546,2021-12-08,0.653906392935399,20459.3,0.84,21516.6,280.808,2.88
547,2021-12-15,0.6292636442800673,20508.7,0.78,21571.3,280.808,2.67
548,2021-12-22,0.5933277797901896,20632.9,0.78,21697.7,280.808,2.7
549,2021-12-29,0.5442354976610262,20662.9,0.8,21741.8,282.39,2.83
550,2022-01-05,0.5314335553035658,20630.0,0.88,21718.2,282.39,2.87
551,2022-01-12,0.579756656863264,20633.2,0.82,21733.7,282.39,2.82
552,2022-01-19,0.6133865051956577,20615.7,0.79,21707.4,282.39,2.73
553,2022-01-26,0.6414182126994311,20444.2,0.72,21523.2,284.535,2.75
554,2022-02-02,0.6594558765422203,20433.2,0.62,21512.2,284.535,2.79
555,2022-02-09,0.62600073520863,20475.2,0.58,21549.8,284.535,2.78
556,2022-02-16,0.590307318361532,20497.9,0.51,21562.5,284.535,2.87
557,2022-02-23,0.5694954931652996,20509.8,0.41,21566.8,287.553,3.01
558,2022-03-02,0.601166723502294,20599.2,0.36,21651.9,287.553,3.23
559,2022-03-09,0.6017793980957129,20748.2,0.26,21805.5,287.553,3.33
560,2022-03-16,0.600096563702742,20801.6,0.24,21856.2,287.553,3.34
561,2022-03-23,0.5872389322882806,20802.9,0.19,21858.8,287.553,3.57
562,2022-03-30,0.5680586241165548,20795.4,0.04,21845.5,288.764,3.41
563,2022-04-06,0.5725968783986087,20941.0,0.11,21991.3,288.764,3.28
564,2022-04-13,0.5754946007183538,20934.4,0.33,21977.4,288.764,3.25
565,2022-04-20,0.6040075838965692,21015.5,0.25,22050.8,288.764,3.36
566,2022-04-27,0.6355229713934201,20591.8,0.24,21603.8,291.359,3.28
567,2022-05-04,0.6584185819660051,20609.6,0.27,21610.8,291.359,3.24
568,2022-05-11,0.6282412926635603,20548.6,0.25,21547.3,291.359,3.0
569,2022-05-18,0.6152367894177735,20576.8,0.21,21579.0,291.359,3.05
570,2022-05-25,0.6257851906091687,20520.0,0.27,21534.7,294.996,2.88
571,2022-06-01,0.6378068497864112,20499.8,0.28,21521.1,294.996,2.96
572,2022-06-08,0.6364077722199023,20596.4,0.25,21620.9,294.996,3.06
573,2022-06-15,0.629892105916554,20567.0,0.13,21595.4,294.996,3.0
574,2022-06-22,0.6235991762111042,20516.5,0.1,21552.8,294.996,2.74
575,2022-06-29,0.6135530635039403,20479.8,0.04,21527.4,294.977,2.59
576,2022-07-06,0.5900316714688052,20565.8,-0.04,21626.8,294.977,2.48
577,2022-07-13,0.5790484830690417,20515.3,-0.22,21594.1,294.977,2.51
578,2022-07-20,0.584267046291756,20477.5,-0.21,21572.1,294.977,2.67
579,2022-07-27,0.5870415403454828,20414.5,-0.18,21525.3,295.209,2.61
580,2022-08-03,0.60567041261761,20476.9,-0.37,21595.9,295.209,2.72
581,2022-08-10,0.6261107946191704,20455.5,-0.45,21583.2,295.209,2.61
582,2022-08-17,0.6469961359534271,20453.3,-0.39,21599.5,295.209,2.65
583,2022-08-24,0.6603920134024284,20378.1,-0.25,21544.6,295.209,2.79
584,2022-08-31,0.671196064873371,20296.2,-0.3,21479.0,296.341,2.58
585,2022-09-07,0.6829719574511197,20347.8,-0.18,21543.1,296.341,2.51
586,2022-09-14,0.6951339913522276,20327.0,-0.37,21543.3,296.341,2.62
587,2022-09-21,0.7049589306963981,20266.3,-0.51,21491.8,296.341,2.47
588,2022-09-28,0.7124257999499066,20122.4,-0.35,21363.1,297.863,2.37
589,2022-10-05,0.7167078792763762,20172.7,-0.39,21438.2,297.863,2.26
590,2022-10-12,0.7185608809467819,20099.4,-0.37,21397.1,297.863,2.32
591,2022-10-19,0.7192443966470758,20127.0,-0.41,21450.9,297.863,2.46
592,2022-10-26,0.7187913998958525,19963.7,-0.35,21315.2,298.648,2.56
593,2022-11-02,0.7190304790362911,19999.0,-0.51,21371.1,298.648,2.68
594,2022-11-09,0.7179597433981362,20000.1,-0.49,21399.5,298.648,2.53
595,2022-11-16,0.7246774507604105,19993.5,-0.68,21408.2,298.648,2.35
596,2022-11-23,0.7255163577545084,19968.0,-0.75,21412.8,298.648,2.33
597,2022-11-30,0.7227000212892383,19905.1,-0.7,21373.2,298.812,2.41
598,2022-12-07,0.7096324618524499,19951.8,-0.84,21442.4,298.812,2.33
599,2022-12-14,0.7140351566594346,19916.7,-0.74,21438.7,298.812,2.25
600,2022-12-21,0.7229793474485993,19897.9,-0.53,21453.1,298.812,2.31
601,2022-12-28,0.7269769352003399,19845.2,-0.43,21428.3,300.356,2.33
602,2023-01-04,0.7283696514815032,19778.7,-0.67,21396.3,300.356,2.21
603,2023-01-11,0.7286409563484892,19776.1,-0.66,21449.0,300.356,2.21
604,2023-01-18,0.7280677713264108,19661.2,-0.69,21360.1,300.356,2.09
605,2023-01-25,0.7226830977545934,19493.5,-0.65,21213.6,301.509,2.28
606,2023-02-01,0.716220631337439,19379.8,-0.7,21121.6,301.509,2.29
607,2023-02-08,0.7200334414038395,19414.9,-0.82,21191.1,301.509,2.46
608,2023-02-15,0.7248772482245127,19325.8,-0.81,21124.5,301.509,2.51
609,2023-02-22,0.7279073135316922,19285.8,-0.73,21117.5,301.744,2.52
610,2023-03-08,0.7293799559727988,19269.9,-1.07,21161.8,301.744,2.47
611,2023-03-15,0.7293696025675488,19233.1,-0.42,21157.4,301.744,2.33
612,2023-03-22,0.728683294231852,19052.0,-0.48,21020.5,301.744,2.31
613,2023-03-29,0.7369002768802873,18884.2,-0.51,20897.5,303.032,2.38
614,2023-04-05,0.7488860694500944,18895.5,-0.49,20952.4,303.032,2.29
615,2023-04-12,0.7577347616607908,18951.9,-0.54,21050.4,303.032,2.29
616,2023-04-19,0.7594048642907308,18850.6,-0.64,20971.6,303.032,2.33
617,2023-04-26,0.7598781430782617,18565.2,-0.47,20691.1,303.365,2.26
618,2023-05-03,0.7565631620030743,18508.4,-0.51,20653.9,303.365,2.19
619,2023-05-10,0.7550153170942214,18527.8,-0.47,20717.3,303.365,2.13
620,2023-05-17,0.7516706875963753,18493.2,-0.55,20711.9,303.365,2.16
621,2023-05-24,0.7450341862469261,18445.7,-0.58,20700.8,303.365,2.14
622,2023-05-31,0.7365686140426091,18477.9,-0.76,20756.4,304.003,2.07
623,2023-06-07,0.7295632126957665,18564.0,-0.77,20862.5,304.003,2.15
624,2023-06-14,0.7247900012662895,18465.1,-0.91,20787.8,304.003,2.15
625,2023-06-21,0.7206709044594363,18417.6,-0.96,20755.9,304.003,2.15
626,2023-06-28,0.7201500808042027,18333.0,-1.0,20683.2,304.628,2.12
627,2023-07-05,0.7243075428819941,18414.0,-0.99,20780.5,304.628,2.2
628,2023-07-12,0.7300525466611679,18402.1,-0.86,20793.4,304.628,2.18
629,2023-07-19,0.734616465507657,18378.3,-0.99,20783.7,304.628,2.13
630,2023-07-26,0.7424363120199332,18249.4,-0.96,20672.5,306.187,2.24
631,2023-08-02,0.7499999841016902,18281.2,-0.8,20717.1,306.187,2.25
632,2023-08-09,0.7546675998837502,18312.4,-0.79,20771.3,306.187,2.23
633,2023-08-16,0.7517969783083305,18274.0,-0.69,20750.0,306.187,2.23
634,2023-08-23,0.7502809841431357,18192.7,-0.76,20690.0,306.187,2.26
635,2023-08-30,0.7492894397771116,18151.3,-0.78,20662.8,307.288,2.16
636,2023-09-06,0.7474666898386205,18222.4,-0.71,20747.5,307.288,2.23
637,2023-09-07,0.74506359497558,18222.4,-0.67,20747.5,307.288,2.24
638,2023-09-13,0.7403938089361012,18197.8,-0.71,20743.7,307.288,2.28
639,2023-09-20,0.7318503924136746,18155.3,-0.77,20714.1,307.288,2.27
640,2023-09-27,0.7228726284533186,18037.0,-0.49,20609.8,307.531,2.23
641,2023-10-04,0.7126713067397132,18122.8,-0.32,20706.0,307.531,2.18
642,2023-10-11,0.6991436769085129,18093.5,-0.41,20705.1,307.531,2.2
643,2023-10-18,0.6885925434026139,18127.8,-0.28,20760.5,307.531,2.35
644,2023-10-25,0.6835722083951219,17953.5,-0.13,20601.5,308.024,2.4
645,2023-11-01,0.6855218979804781,17937.3,-0.18,20600.9,308.024,2.36
646,2023-11-08,0.6826436045918783,18022.8,-0.44,20718.8,308.024,2.29
647,2023-11-15,0.675779916109427,18013.7,-0.37,20721.7,308.024,2.24
648,2023-11-22,0.6706278803390965,18048.5,-0.47,20776.5,308.024,2.21
649,2023-11-29,0.6975349665618467,18024.2,-0.37,20770.2,308.742,2.14
650,2023-12-06,0.6979376461908762,18122.8,-0.48,20873.1,308.742,2.05
651,2023-12-13,0.6975368121252149,18094.0,-0.42,20871.1,308.742,2.08
652,2023-12-20,0.7161227051815855,18160.0,-0.48,20946.9,308.742,2.16
653,2023-12-27,0.7184659804476097,18172.2,-0.41,20975.2,309.685,2.12
654,2024-01-03,0.7234275356313359,18139.5,.,20959.2,309.685,.
655,2024-01-10,0.7291496704637891,18139.5,.,20959.2,309.685,.
