DATE,T5YIE
2008-03-28,2.21
2008-03-31,2.19
2008-04-01,2.21
2008-04-02,2.21
2008-04-03,2.21
2008-04-04,2.18
2008-04-07,2.23
2008-04-08,2.19
2008-04-09,2.17
2008-04-10,2.19
2008-04-11,2.17
2008-04-14,2.17
2008-04-15,2.20
2008-04-16,2.22
2008-04-17,2.22
2008-04-18,2.24
2008-04-21,2.25
2008-04-22,2.24
2008-04-23,2.25
2008-04-24,2.26
2008-04-25,2.31
2008-04-28,2.30
2008-04-29,2.29
2008-04-30,2.26
2008-05-01,2.27
2008-05-02,2.32
2008-05-05,2.29
2008-05-06,2.31
2008-05-07,2.29
2008-05-08,2.30
2008-05-09,2.32
2008-05-12,2.30
2008-05-13,2.32
2008-05-14,2.36
2008-05-15,2.35
2008-05-16,2.37
2008-05-19,2.40
2008-05-20,2.42
2008-05-21,2.47
2008-05-22,2.47
2008-05-23,2.42
2008-05-26,.
2008-05-27,2.40
2008-05-28,2.39
2008-05-29,2.40
2008-05-30,2.40
2008-06-02,2.40
2008-06-03,2.36
2008-06-04,2.32
2008-06-05,2.37
2008-06-06,2.45
2008-06-09,2.48
2008-06-10,2.48
2008-06-11,2.51
2008-06-12,2.54
2008-06-13,2.56
2008-06-16,2.58
2008-06-17,2.55
2008-06-18,2.57
2008-06-19,2.55
2008-06-20,2.53
2008-06-23,2.56
2008-06-24,2.57
2008-06-25,2.57
2008-06-26,2.64
2008-06-27,2.62
2008-06-30,2.63
2008-07-01,2.66
2008-07-02,2.70
2008-07-03,2.72
2008-07-04,.
2008-07-07,2.63
2008-07-08,2.52
2008-07-09,2.54
2008-07-10,2.57
2008-07-11,2.60
2008-07-14,2.58
2008-07-15,2.55
2008-07-16,2.56
2008-07-17,2.54
2008-07-18,2.50
2008-07-21,2.47
2008-07-22,2.42
2008-07-23,2.29
2008-07-24,2.28
2008-07-25,2.24
2008-07-28,2.25
2008-07-29,2.18
2008-07-30,2.22
2008-07-31,2.16
2008-08-01,2.17
2008-08-04,2.14
2008-08-05,2.10
2008-08-06,2.08
2008-08-07,2.09
2008-08-08,2.04
2008-08-11,2.01
2008-08-12,1.99
2008-08-13,2.01
2008-08-14,2.02
2008-08-15,1.95
2008-08-18,1.92
2008-08-19,1.92
2008-08-20,1.94
2008-08-21,2.02
2008-08-22,1.94
2008-08-25,1.88
2008-08-26,1.90
2008-08-27,1.92
2008-08-28,1.94
2008-08-29,1.89
2008-09-01,.
2008-09-02,1.72
2008-09-03,1.66
2008-09-04,1.59
2008-09-05,1.60
2008-09-08,1.62
2008-09-09,1.52
2008-09-10,1.52
2008-09-11,1.51
2008-09-12,1.50
2008-09-15,1.23
2008-09-16,1.03
2008-09-17,1.04
2008-09-18,1.02
2008-09-19,1.37
2008-09-22,1.44
2008-09-23,1.25
2008-09-24,1.09
2008-09-25,1.18
2008-09-26,1.15
2008-09-29,0.94
2008-09-30,0.97
2008-10-01,0.95
2008-10-02,0.93
2008-10-03,0.96
2008-10-06,0.75
2008-10-07,0.62
2008-10-08,0.43
2008-10-09,0.47
2008-10-10,0.20
2008-10-13,.
2008-10-14,0.24
2008-10-15,0.14
2008-10-16,-0.04
2008-10-17,0.04
2008-10-20,0.09
2008-10-21,-0.12
2008-10-22,-0.24
2008-10-23,-0.39
2008-10-24,-0.80
2008-10-27,-1.07
2008-10-28,-1.04
2008-10-29,-0.96
2008-10-30,-0.81
2008-10-31,-0.96
2008-11-03,-0.95
2008-11-04,-0.89
2008-11-05,-0.90
2008-11-06,-1.02
2008-11-07,-1.00
2008-11-10,-1.01
2008-11-11,.
2008-11-12,-1.09
2008-11-13,-1.07
2008-11-14,-1.10
2008-11-17,-1.12
2008-11-18,-1.29
2008-11-19,-1.53
2008-11-20,-1.79
2008-11-21,-1.94
2008-11-24,-1.95
2008-11-25,-2.06
2008-11-26,-2.23
2008-11-27,.
2008-11-28,-2.24
2008-12-01,-0.32
2008-12-02,-0.08
2008-12-03,0.03
2008-12-04,0.04
2008-12-05,-0.12
2008-12-08,-0.28
2008-12-09,-0.33
2008-12-10,-0.36
2008-12-11,-0.35
2008-12-12,-0.38
2008-12-15,-0.59
2008-12-16,-0.30
2008-12-17,0.09
2008-12-18,-0.11
2008-12-19,-0.31
2008-12-22,-0.37
2008-12-23,-0.27
2008-12-24,-0.27
2008-12-25,.
2008-12-26,-0.28
2008-12-29,-0.21
2008-12-30,-0.25
2008-12-31,-0.26
2009-01-01,.
2009-01-02,-0.25
2009-01-05,-0.19
2009-01-06,-0.14
2009-01-07,-0.09
2009-01-08,-0.08
2009-01-09,-0.09
2009-01-12,-0.10
2009-01-13,-0.03
2009-01-14,-0.13
2009-01-15,-0.10
2009-01-16,0.00
2009-01-19,.
2009-01-20,0.03
2009-01-21,0.04
2009-01-22,0.09
2009-01-23,0.09
2009-01-26,0.10
2009-01-27,0.15
2009-01-28,0.25
2009-01-29,0.30
2009-01-30,0.38
2009-02-02,0.34
2009-02-03,0.43
2009-02-04,0.51
2009-02-05,0.51
2009-02-06,0.70
2009-02-09,0.93
2009-02-10,0.76
2009-02-11,0.66
2009-02-12,0.51
2009-02-13,0.67
2009-02-16,.
2009-02-17,0.45
2009-02-18,0.50
2009-02-19,0.62
2009-02-20,0.57
2009-02-23,0.60
2009-02-24,0.53
2009-02-25,0.60
2009-02-26,0.59
2009-02-27,0.58
2009-03-02,0.52
2009-03-03,0.42
2009-03-04,0.47
2009-03-05,0.42
2009-03-06,0.37
2009-03-09,0.38
2009-03-10,0.38
2009-03-11,0.39
2009-03-12,0.51
2009-03-13,0.50
2009-03-16,0.56
2009-03-17,0.59
2009-03-18,0.60
2009-03-19,0.66
2009-03-20,0.63
2009-03-23,0.64
2009-03-24,0.73
2009-03-25,0.82
2009-03-26,0.95
2009-03-27,0.90
2009-03-30,0.78
2009-03-31,0.73
2009-04-01,0.72
2009-04-02,0.74
2009-04-03,0.80
2009-04-06,0.88
2009-04-07,0.80
2009-04-08,0.78
2009-04-09,0.82
2009-04-10,.
2009-04-13,0.77
2009-04-14,0.75
2009-04-15,0.69
2009-04-16,0.73
2009-04-17,0.73
2009-04-20,0.61
2009-04-21,0.62
2009-04-22,0.64
2009-04-23,0.64
2009-04-24,0.73
2009-04-27,0.75
2009-04-28,0.81
2009-04-29,0.87
2009-04-30,0.82
2009-05-01,0.79
2009-05-04,0.84
2009-05-05,0.86
2009-05-06,0.93
2009-05-07,1.05
2009-05-08,1.04
2009-05-11,1.00
2009-05-12,0.99
2009-05-13,0.96
2009-05-14,0.96
2009-05-15,1.00
2009-05-18,1.03
2009-05-19,1.09
2009-05-20,1.09
2009-05-21,1.13
2009-05-22,1.19
2009-05-25,.
2009-05-26,1.25
2009-05-27,1.37
2009-05-28,1.33
2009-05-29,1.36
2009-06-01,1.53
2009-06-02,1.59
2009-06-03,1.50
2009-06-04,1.55
2009-06-05,1.71
2009-06-08,1.71
2009-06-09,1.75
2009-06-10,1.85
2009-06-11,1.78
2009-06-12,1.67
2009-06-15,1.60
2009-06-16,1.53
2009-06-17,1.43
2009-06-18,1.53
2009-06-19,1.54
2009-06-22,1.44
2009-06-23,1.43
2009-06-24,1.34
2009-06-25,1.33
2009-06-26,1.21
2009-06-29,1.21
2009-06-30,1.34
2009-07-01,1.35
2009-07-02,1.27
2009-07-03,.
2009-07-06,1.22
2009-07-07,1.22
2009-07-08,1.12
2009-07-09,1.10
2009-07-10,1.06
2009-07-13,1.06
2009-07-14,1.15
2009-07-15,1.27
2009-07-16,1.28
2009-07-17,1.37
2009-07-20,1.40
2009-07-21,1.33
2009-07-22,1.34
2009-07-23,1.43
2009-07-24,1.39
2009-07-27,1.42
2009-07-28,1.38
2009-07-29,1.39
2009-07-30,1.38
2009-07-31,1.32
2009-08-03,1.38
2009-08-04,1.42
2009-08-05,1.44
2009-08-06,1.39
2009-08-07,1.48
2009-08-10,1.42
2009-08-11,1.36
2009-08-12,1.34
2009-08-13,1.24
2009-08-14,1.13
2009-08-17,1.08
2009-08-18,1.16
2009-08-19,1.20
2009-08-20,1.30
2009-08-21,1.36
2009-08-24,1.29
2009-08-25,1.21
2009-08-26,1.20
2009-08-27,1.21
2009-08-28,1.18
2009-08-31,1.12
2009-09-01,1.11
2009-09-02,1.07
2009-09-03,1.15
2009-09-04,1.24
2009-09-07,.
2009-09-08,1.32
2009-09-09,1.36
2009-09-10,1.32
2009-09-11,1.36
2009-09-14,1.41
2009-09-15,1.45
2009-09-16,1.52
2009-09-17,1.46
2009-09-18,1.45
2009-09-21,1.39
2009-09-22,1.42
2009-09-23,1.40
2009-09-24,1.36
2009-09-25,1.36
2009-09-28,1.35
2009-09-29,1.34
2009-09-30,1.37
2009-10-01,1.33
2009-10-02,1.33
2009-10-05,1.32
2009-10-06,1.37
2009-10-07,1.35
2009-10-08,1.39
2009-10-09,1.46
2009-10-12,.
2009-10-13,1.47
2009-10-14,1.51
2009-10-15,1.56
2009-10-16,1.57
2009-10-19,1.63
2009-10-20,1.57
2009-10-21,1.55
2009-10-22,1.51
2009-10-23,1.56
2009-10-26,1.60
2009-10-27,1.61
2009-10-28,1.57
2009-10-29,1.64
2009-10-30,1.61
2009-11-02,1.63
2009-11-03,1.63
2009-11-04,1.70
2009-11-05,1.71
2009-11-06,1.70
2009-11-09,1.79
2009-11-10,1.78
2009-11-11,.
2009-11-12,1.73
2009-11-13,1.73
2009-11-16,1.73
2009-11-17,1.74
2009-11-18,1.80
2009-11-19,1.78
2009-11-20,1.80
2009-11-23,1.82
2009-11-24,1.81
2009-11-25,1.81
2009-11-26,.
2009-11-27,1.74
2009-11-30,1.75
2009-12-01,1.80
2009-12-02,1.82
2009-12-03,1.82
2009-12-04,1.81
2009-12-07,1.81
2009-12-08,1.75
2009-12-09,1.71
2009-12-10,1.73
2009-12-11,1.79
2009-12-14,1.84
2009-12-15,1.90
2009-12-16,1.93
2009-12-17,1.88
2009-12-18,1.92
2009-12-21,1.98
2009-12-22,2.01
2009-12-23,2.02
2009-12-24,2.05
2009-12-25,.
2009-12-28,2.08
2009-12-29,2.10
2009-12-30,2.11
2009-12-31,2.13
2010-01-01,.
2010-01-04,2.13
2010-01-05,2.12
2010-01-06,2.16
2010-01-07,2.19
2010-01-08,2.18
2010-01-11,2.12
2010-01-12,2.15
2010-01-13,2.13
2010-01-14,2.12
2010-01-15,2.10
2010-01-18,.
2010-01-19,2.09
2010-01-20,2.09
2010-01-21,1.98
2010-01-22,1.95
2010-01-25,1.97
2010-01-26,1.97
2010-01-27,1.96
2010-01-28,1.94
2010-01-29,1.91
2010-02-01,1.99
2010-02-02,2.02
2010-02-03,2.05
2010-02-04,1.99
2010-02-05,1.89
2010-02-08,1.91
2010-02-09,1.94
2010-02-10,1.97
2010-02-11,1.96
2010-02-12,1.96
2010-02-15,.
2010-02-16,1.95
2010-02-17,2.01
2010-02-18,2.02
2010-02-19,1.97
2010-02-22,1.92
2010-02-23,1.90
2010-02-24,1.90
2010-02-25,1.83
2010-02-26,1.83
2010-03-01,1.83
2010-03-02,1.83
2010-03-03,1.84
2010-03-04,1.84
2010-03-05,1.89
2010-03-08,1.87
2010-03-09,1.88
2010-03-10,1.91
2010-03-11,1.89
2010-03-12,1.93
2010-03-15,1.93
2010-03-16,1.92
2010-03-17,1.96
2010-03-18,1.92
2010-03-19,1.86
2010-03-22,1.82
2010-03-23,1.80
2010-03-24,1.89
2010-03-25,1.87
2010-03-26,1.86
2010-03-29,1.85
2010-03-30,1.83
2010-03-31,1.83
2010-04-01,1.85
2010-04-02,1.86
2010-04-05,1.92
2010-04-06,2.03
2010-04-07,2.04
2010-04-08,1.95
2010-04-09,1.97
2010-04-12,1.95
2010-04-13,1.93
2010-04-14,1.95
2010-04-15,1.96
2010-04-16,1.90
2010-04-19,1.91
2010-04-20,1.96
2010-04-21,1.95
2010-04-22,1.95
2010-04-23,1.99
2010-04-26,2.00
2010-04-27,2.00
2010-04-28,2.00
2010-04-29,2.06
2010-04-30,2.01
2010-05-03,2.00
2010-05-04,1.94
2010-05-05,1.89
2010-05-06,1.79
2010-05-07,1.75
2010-05-10,1.85
2010-05-11,1.86
2010-05-12,1.92
2010-05-13,1.89
2010-05-14,1.83
2010-05-17,1.81
2010-05-18,1.77
2010-05-19,1.70
2010-05-20,1.58
2010-05-21,1.61
2010-05-24,1.62
2010-05-25,1.57
2010-05-26,1.62
2010-05-27,1.72
2010-05-28,1.69
2010-05-31,.
2010-06-01,1.68
2010-06-02,1.71
2010-06-03,1.77
2010-06-04,1.66
2010-06-07,1.64
2010-06-08,1.62
2010-06-09,1.63
2010-06-10,1.68
2010-06-11,1.65
2010-06-14,1.69
2010-06-15,1.68
2010-06-16,1.67
2010-06-17,1.68
2010-06-18,1.69
2010-06-21,1.71
2010-06-22,1.68
2010-06-23,1.64
2010-06-24,1.60
2010-06-25,1.61
2010-06-28,1.57
2010-06-29,1.54
2010-06-30,1.54
2010-07-01,1.48
2010-07-02,1.48
2010-07-05,.
2010-07-06,1.41
2010-07-07,1.40
2010-07-08,1.43
2010-07-09,1.47
2010-07-12,1.48
2010-07-13,1.51
2010-07-14,1.48
2010-07-15,1.43
2010-07-16,1.36
2010-07-19,1.34
2010-07-20,1.32
2010-07-21,1.34
2010-07-22,1.37
2010-07-23,1.39
2010-07-26,1.40
2010-07-27,1.44
2010-07-28,1.46
2010-07-29,1.45
2010-07-30,1.43
2010-08-02,1.50
2010-08-03,1.51
2010-08-04,1.50
2010-08-05,1.50
2010-08-06,1.46
2010-08-09,1.48
2010-08-10,1.48
2010-08-11,1.43
2010-08-12,1.35
2010-08-13,1.34
2010-08-16,1.29
2010-08-17,1.28
2010-08-18,1.28
2010-08-19,1.22
2010-08-20,1.24
2010-08-23,1.21
2010-08-24,1.19
2010-08-25,1.21
2010-08-26,1.24
2010-08-27,1.27
2010-08-30,1.23
2010-08-31,1.19
2010-09-01,1.21
2010-09-02,1.20
2010-09-03,1.25
2010-09-06,.
2010-09-07,1.24
2010-09-08,1.23
2010-09-09,1.29
2010-09-10,1.34
2010-09-13,1.34
2010-09-14,1.28
2010-09-15,1.29
2010-09-16,1.29
2010-09-17,1.25
2010-09-20,1.24
2010-09-21,1.29
2010-09-22,1.32
2010-09-23,1.29
2010-09-24,1.31
2010-09-27,1.29
2010-09-28,1.31
2010-09-29,1.30
2010-09-30,1.30
2010-10-01,1.33
2010-10-04,1.33
2010-10-05,1.40
2010-10-06,1.45
2010-10-07,1.41
2010-10-08,1.48
2010-10-11,.
2010-10-12,1.48
2010-10-13,1.57
2010-10-14,1.67
2010-10-15,1.58
2010-10-18,1.53
2010-10-19,1.51
2010-10-20,1.48
2010-10-21,1.52
2010-10-22,1.56
2010-10-25,1.62
2010-10-26,1.63
2010-10-27,1.59
2010-10-28,1.52
2010-10-29,1.48
2010-11-01,1.51
2010-11-02,1.49
2010-11-03,1.51
2010-11-04,1.52
2010-11-05,1.57
2010-11-08,1.58
2010-11-09,1.58
2010-11-10,1.60
2010-11-11,.
2010-11-12,1.57
2010-11-15,1.57
2010-11-16,1.49
2010-11-17,1.53
2010-11-18,1.57
2010-11-19,1.59
2010-11-22,1.58
2010-11-23,1.54
2010-11-24,1.59
2010-11-25,.
2010-11-26,1.60
2010-11-29,1.58
2010-11-30,1.54
2010-12-01,1.60
2010-12-02,1.64
2010-12-03,1.62
2010-12-06,1.60
2010-12-07,1.67
2010-12-08,1.68
2010-12-09,1.65
2010-12-10,1.65
2010-12-13,1.66
2010-12-14,1.69
2010-12-15,1.77
2010-12-16,1.78
2010-12-17,1.75
2010-12-20,1.75
2010-12-21,1.77
2010-12-22,1.81
2010-12-23,1.83
2010-12-24,.
2010-12-27,1.83
2010-12-28,1.84
2010-12-29,1.81
2010-12-30,1.82
2010-12-31,1.83
2011-01-03,1.82
2011-01-04,1.86
2011-01-05,1.94
2011-01-06,1.96
2011-01-07,1.91
2011-01-10,1.91
2011-01-11,2.00
2011-01-12,2.00
2011-01-13,1.95
2011-01-14,1.93
2011-01-17,.
2011-01-18,1.95
2011-01-19,1.94
2011-01-20,1.90
2011-01-21,1.92
2011-01-24,1.93
2011-01-25,1.94
2011-01-26,1.96
2011-01-27,1.90
2011-01-28,1.93
2011-01-31,1.96
2011-02-01,2.01
2011-02-02,2.01
2011-02-03,2.00
2011-02-04,1.99
2011-02-07,1.98
2011-02-08,1.95
2011-02-09,1.94
2011-02-10,1.92
2011-02-11,1.88
2011-02-14,1.86
2011-02-15,1.91
2011-02-16,1.94
2011-02-17,1.97
2011-02-18,2.04
2011-02-21,.
2011-02-22,2.09
2011-02-23,2.20
2011-02-24,2.20
2011-02-25,2.17
2011-02-28,2.15
2011-03-01,2.17
2011-03-02,2.25
2011-03-03,2.27
2011-03-04,2.24
2011-03-07,2.26
2011-03-08,2.31
2011-03-09,2.25
2011-03-10,2.22
2011-03-11,2.17
2011-03-14,2.15
2011-03-15,2.16
2011-03-16,2.09
2011-03-17,2.18
2011-03-18,2.18
2011-03-21,2.20
2011-03-22,2.19
2011-03-23,2.16
2011-03-24,2.22
2011-03-25,2.19
2011-03-28,2.18
2011-03-29,2.20
2011-03-30,2.19
2011-03-31,2.21
2011-04-01,2.25
2011-04-04,2.29
2011-04-05,2.32
2011-04-06,2.34
2011-04-07,2.33
2011-04-08,2.38
2011-04-11,2.38
2011-04-12,2.32
2011-04-13,2.30
2011-04-14,2.25
2011-04-15,2.23
2011-04-18,2.19
2011-04-19,2.24
2011-04-20,2.27
2011-04-21,2.29
2011-04-22,.
2011-04-25,2.30
2011-04-26,2.32
2011-04-27,2.37
2011-04-28,2.41
2011-04-29,2.45
2011-05-02,2.44
2011-05-03,2.42
2011-05-04,2.41
2011-05-05,2.28
2011-05-06,2.25
2011-05-09,2.29
2011-05-10,2.31
2011-05-11,2.20
2011-05-12,2.20
2011-05-13,2.15
2011-05-16,2.12
2011-05-17,2.08
2011-05-18,2.14
2011-05-19,2.10
2011-05-20,2.07
2011-05-23,2.03
2011-05-24,2.07
2011-05-25,2.08
2011-05-26,2.06
2011-05-27,2.03
2011-05-30,.
2011-05-31,2.00
2011-06-01,1.99
2011-06-02,2.02
2011-06-03,2.03
2011-06-06,2.03
2011-06-07,2.04
2011-06-08,2.01
2011-06-09,2.03
2011-06-10,1.99
2011-06-13,1.99
2011-06-14,2.04
2011-06-15,1.99
2011-06-16,1.95
2011-06-17,1.90
2011-06-20,1.89
2011-06-21,1.91
2011-06-22,1.90
2011-06-23,1.81
2011-06-24,1.79
2011-06-27,1.80
2011-06-28,1.88
2011-06-29,2.00
2011-06-30,2.03
2011-07-01,2.05
2011-07-04,.
2011-07-05,2.03
2011-07-06,2.03
2011-07-07,2.10
2011-07-08,2.01
2011-07-11,2.01
2011-07-12,2.01
2011-07-13,1.99
2011-07-14,1.98
2011-07-15,1.98
2011-07-18,2.00
2011-07-19,2.02
2011-07-20,2.01
2011-07-21,2.04
2011-07-22,2.03
2011-07-25,2.06
2011-07-26,2.01
2011-07-27,2.10
2011-07-28,2.11
2011-07-29,2.07
2011-08-01,2.07
2011-08-02,1.99
2011-08-03,1.87
2011-08-04,1.79
2011-08-05,1.82
2011-08-08,1.74
2011-08-09,1.75
2011-08-10,1.95
2011-08-11,1.86
2011-08-12,1.84
2011-08-15,1.80
2011-08-16,1.74
2011-08-17,1.73
2011-08-18,1.62
2011-08-19,1.70
2011-08-22,1.73
2011-08-23,1.66
2011-08-24,1.65
2011-08-25,1.68
2011-08-26,1.64
2011-08-29,1.67
2011-08-30,1.67
2011-08-31,1.72
2011-09-01,1.72
2011-09-02,1.72
2011-09-05,.
2011-09-06,1.63
2011-09-07,1.67
2011-09-08,1.73
2011-09-09,1.65
2011-09-12,1.63
2011-09-13,1.61
2011-09-14,1.58
2011-09-15,1.73
2011-09-16,1.69
2011-09-19,1.61
2011-09-20,1.67
2011-09-21,1.66
2011-09-22,1.49
2011-09-23,1.48
2011-09-26,1.48
2011-09-27,1.57
2011-09-28,1.57
2011-09-29,1.54
2011-09-30,1.50
2011-10-03,1.48
2011-10-04,1.49
2011-10-05,1.50
2011-10-06,1.58
2011-10-07,1.63
2011-10-10,.
2011-10-11,1.65
2011-10-12,1.67
2011-10-13,1.61
2011-10-14,1.66
2011-10-17,1.66
2011-10-18,1.72
2011-10-19,1.71
2011-10-20,1.72
2011-10-21,1.74
2011-10-24,1.76
2011-10-25,1.76
2011-10-26,1.83
2011-10-27,1.94
2011-10-28,1.93
2011-10-31,1.88
2011-11-01,1.82
2011-11-02,1.91
2011-11-03,1.91
2011-11-04,1.93
2011-11-07,1.94
2011-11-08,1.89
2011-11-09,1.87
2011-11-10,1.88
2011-11-11,.
2011-11-14,1.84
2011-11-15,1.76
2011-11-16,1.68
2011-11-17,1.59
2011-11-18,1.64
2011-11-21,1.59
2011-11-22,1.60
2011-11-23,1.61
2011-11-24,.
2011-11-25,1.64
2011-11-28,1.66
2011-11-29,1.70
2011-11-30,1.76
2011-12-01,1.76
2011-12-02,1.76
2011-12-05,1.77
2011-12-06,1.83
2011-12-07,1.71
2011-12-08,1.65
2011-12-09,1.64
2011-12-12,1.64
2011-12-13,1.65
2011-12-14,1.60
2011-12-15,1.61
2011-12-16,1.58
2011-12-19,1.64
2011-12-20,1.72
2011-12-21,1.70
2011-12-22,1.64
2011-12-23,1.68
2011-12-26,.
2011-12-27,1.65
2011-12-28,1.63
2011-12-29,1.61
2011-12-30,1.59
2012-01-02,.
2012-01-03,1.66
2012-01-04,1.71
2012-01-05,1.74
2012-01-06,1.71
2012-01-09,1.73
2012-01-10,1.70
2012-01-11,1.67
2012-01-12,1.69
2012-01-13,1.69
2012-01-16,.
2012-01-17,1.70
2012-01-18,1.73
2012-01-19,1.75
2012-01-20,1.76
2012-01-23,1.77
2012-01-24,1.81
2012-01-25,1.83
2012-01-26,1.86
2012-01-27,1.88
2012-01-30,1.87
2012-01-31,1.88
2012-02-01,1.89
2012-02-02,1.89
2012-02-03,1.88
2012-02-06,1.91
2012-02-07,1.95
2012-02-08,1.91
2012-02-09,1.91
2012-02-10,1.88
2012-02-13,1.97
2012-02-14,1.92
2012-02-15,1.90
2012-02-16,1.93
2012-02-17,1.93
2012-02-20,.
2012-02-21,1.98
2012-02-22,1.99
2012-02-23,2.04
2012-02-24,2.03
2012-02-27,2.02
2012-02-28,1.99
2012-02-29,1.99
2012-03-01,1.99
2012-03-02,1.95
2012-03-05,1.94
2012-03-06,1.92
2012-03-07,1.98
2012-03-08,2.01
2012-03-09,2.07
2012-03-12,2.06
2012-03-13,2.13
2012-03-14,2.15
2012-03-15,2.13
2012-03-16,2.12
2012-03-19,2.13
2012-03-20,2.15
2012-03-21,2.11
2012-03-22,2.06
2012-03-23,2.04
2012-03-26,2.02
2012-03-27,2.01
2012-03-28,2.03
2012-03-29,1.99
2012-03-30,2.02
2012-04-02,2.04
2012-04-03,2.04
2012-04-04,1.96
2012-04-05,1.95
2012-04-06,1.85
2012-04-09,1.84
2012-04-10,1.87
2012-04-11,1.95
2012-04-12,1.91
2012-04-13,1.91
2012-04-16,1.89
2012-04-17,1.91
2012-04-18,1.87
2012-04-19,1.91
2012-04-20,1.96
2012-04-23,1.95
2012-04-24,2.01
2012-04-25,2.02
2012-04-26,2.04
2012-04-27,2.06
2012-04-30,2.06
2012-05-01,2.06
2012-05-02,2.04
2012-05-03,2.01
2012-05-04,1.93
2012-05-07,1.94
2012-05-08,1.95
2012-05-09,1.94
2012-05-10,1.96
2012-05-11,1.91
2012-05-14,1.91
2012-05-15,1.92
2012-05-16,1.89
2012-05-17,1.87
2012-05-18,1.85
2012-05-21,1.86
2012-05-22,1.87
2012-05-23,1.80
2012-05-24,1.79
2012-05-25,1.78
2012-05-28,.
2012-05-29,1.76
2012-05-30,1.71
2012-05-31,1.72
2012-06-01,1.65
2012-06-04,1.69
2012-06-05,1.71
2012-06-06,1.73
2012-06-07,1.77
2012-06-08,1.79
2012-06-11,1.79
2012-06-12,1.81
2012-06-13,1.80
2012-06-14,1.79
2012-06-15,1.86
2012-06-18,1.85
2012-06-19,1.87
2012-06-20,1.88
2012-06-21,1.77
2012-06-22,1.74
2012-06-25,1.70
2012-06-26,1.70
2012-06-27,1.68
2012-06-28,1.64
2012-06-29,1.72
2012-07-02,1.71
2012-07-03,1.77
2012-07-04,.
2012-07-05,1.80
2012-07-06,1.76
2012-07-09,1.77
2012-07-10,1.79
2012-07-11,1.79
2012-07-12,1.76
2012-07-13,1.78
2012-07-16,1.78
2012-07-17,1.78
2012-07-18,1.79
2012-07-19,1.82
2012-07-20,1.77
2012-07-23,1.75
2012-07-24,1.70
2012-07-25,1.68
2012-07-26,1.71
2012-07-27,1.79
2012-07-30,1.78
2012-07-31,1.83
2012-08-01,1.85
2012-08-02,1.83
2012-08-03,1.87
2012-08-06,1.89
2012-08-07,1.95
2012-08-08,1.92
2012-08-09,1.92
2012-08-10,1.90
2012-08-13,1.90
2012-08-14,1.91
2012-08-15,1.89
2012-08-16,1.90
2012-08-17,1.86
2012-08-20,1.84
2012-08-21,1.86
2012-08-22,1.88
2012-08-23,1.96
2012-08-24,1.94
2012-08-27,1.97
2012-08-28,1.98
2012-08-29,1.95
2012-08-30,1.92
2012-08-31,1.95
2012-09-03,.
2012-09-04,1.97
2012-09-05,1.98
2012-09-06,2.01
2012-09-07,2.03
2012-09-10,2.08
2012-09-11,2.11
2012-09-12,2.12
2012-09-13,2.23
2012-09-14,2.39
2012-09-17,2.31
2012-09-18,2.23
2012-09-19,2.19
2012-09-20,2.21
2012-09-21,2.18
2012-09-24,2.15
2012-09-25,2.15
2012-09-26,2.09
2012-09-27,2.11
2012-09-28,2.11
2012-10-01,2.11
2012-10-02,2.12
2012-10-03,2.18
2012-10-04,2.25
2012-10-05,2.28
2012-10-08,.
2012-10-09,2.27
2012-10-10,2.23
2012-10-11,2.19
2012-10-12,2.15
2012-10-15,2.19
2012-10-16,2.18
2012-10-17,2.22
2012-10-18,2.22
2012-10-19,2.19
2012-10-22,2.18
2012-10-23,2.15
2012-10-24,2.13
2012-10-25,2.13
2012-10-26,2.08
2012-10-29,2.09
2012-10-30,.
2012-10-31,2.12
2012-11-01,2.13
2012-11-02,2.12
2012-11-05,2.07
2012-11-06,2.12
2012-11-07,2.08
2012-11-08,2.07
2012-11-09,2.05
2012-11-12,.
2012-11-13,2.04
2012-11-14,2.02
2012-11-15,2.00
2012-11-16,2.01
2012-11-19,2.03
2012-11-20,2.05
2012-11-21,2.05
2012-11-22,.
2012-11-23,2.06
2012-11-26,2.04
2012-11-27,2.02
2012-11-28,1.99
2012-11-29,2.00
2012-11-30,2.01
2012-12-03,2.04
2012-12-04,2.04
2012-12-05,2.06
2012-12-06,2.06
2012-12-07,2.10
2012-12-10,2.05
2012-12-11,2.07
2012-12-12,2.12
2012-12-13,2.12
2012-12-14,2.11
2012-12-17,2.11
2012-12-18,2.14
2012-12-19,2.13
2012-12-20,2.16
2012-12-21,2.10
2012-12-24,2.13
2012-12-25,.
2012-12-26,2.11
2012-12-27,2.11
2012-12-28,2.06
2012-12-31,2.09
2013-01-01,.
2013-01-02,2.12
2013-01-03,2.11
2013-01-04,2.13
2013-01-07,2.16
2013-01-08,2.15
2013-01-09,2.18
2013-01-10,2.20
2013-01-11,2.18
2013-01-14,2.12
2013-01-15,2.20
2013-01-16,2.18
2013-01-17,2.19
2013-01-18,2.20
2013-01-21,.
2013-01-22,2.15
2013-01-23,2.21
2013-01-24,2.22
2013-01-25,2.21
2013-01-28,2.24
2013-01-29,2.27
2013-01-30,2.26
2013-01-31,2.33
2013-02-01,2.34
2013-02-04,2.32
2013-02-05,2.32
2013-02-06,2.32
2013-02-07,2.29
2013-02-08,2.21
2013-02-11,2.26
2013-02-12,2.20
2013-02-13,2.26
2013-02-14,2.22
2013-02-15,2.19
2013-02-18,.
2013-02-19,2.20
2013-02-20,2.19
2013-02-21,2.19
2013-02-22,2.20
2013-02-25,2.19
2013-02-26,2.18
2013-02-27,2.18
2013-02-28,2.18
2013-03-01,2.20
2013-03-04,2.22
2013-03-05,2.26
2013-03-06,2.27
2013-03-07,2.22
2013-03-08,2.18
2013-03-11,2.28
2013-03-12,2.27
2013-03-13,2.29
2013-03-14,2.31
2013-03-15,2.30
2013-03-18,2.26
2013-03-19,2.25
2013-03-20,2.25
2013-03-21,2.22
2013-03-22,2.23
2013-03-25,2.24
2013-03-26,2.21
2013-03-27,2.22
2013-03-28,2.24
2013-03-29,.
2013-04-01,2.23
2013-04-02,2.22
2013-04-03,2.18
2013-04-04,2.13
2013-04-05,2.10
2013-04-08,2.14
2013-04-09,2.06
2013-04-10,2.10
2013-04-11,2.12
2013-04-12,2.11
2013-04-15,2.02
2013-04-16,2.02
2013-04-17,1.98
2013-04-18,2.00
2013-04-19,2.04
2013-04-22,2.04
2013-04-23,2.04
2013-04-24,2.07
2013-04-25,2.12
2013-04-26,2.11
2013-04-29,2.10
2013-04-30,2.06
2013-05-01,1.98
2013-05-02,1.99
2013-05-03,2.03
2013-05-06,2.05
2013-05-07,2.05
2013-05-08,2.03
2013-05-09,2.02
2013-05-10,2.05
2013-05-13,2.02
2013-05-14,2.03
2013-05-15,2.01
2013-05-16,1.97
2013-05-17,1.98
2013-05-20,2.00
2013-05-21,1.99
2013-05-22,1.97
2013-05-23,1.93
2013-05-24,1.93
2013-05-27,.
2013-05-28,1.96
2013-05-29,1.91
2013-05-30,1.83
2013-05-31,1.87
2013-06-03,1.89
2013-06-04,1.92
2013-06-05,1.88
2013-06-06,1.87
2013-06-07,1.89
2013-06-10,1.85
2013-06-11,1.83
2013-06-12,1.81
2013-06-13,1.80
2013-06-14,1.82
2013-06-17,1.80
2013-06-18,1.84
2013-06-19,1.83
2013-06-20,1.74
2013-06-21,1.66
2013-06-24,1.62
2013-06-25,1.65
2013-06-26,1.67
2013-06-27,1.73
2013-06-28,1.76
2013-07-01,1.80
2013-07-02,1.82
2013-07-03,1.83
2013-07-04,.
2013-07-05,1.87
2013-07-08,1.87
2013-07-09,1.86
2013-07-10,1.87
2013-07-11,1.82
2013-07-12,1.84
2013-07-15,1.86
2013-07-16,1.89
2013-07-17,1.90
2013-07-18,1.89
2013-07-19,1.91
2013-07-22,1.91
2013-07-23,1.90
2013-07-24,1.87
2013-07-25,1.83
2013-07-26,1.83
2013-07-29,1.81
2013-07-30,1.82
2013-07-31,1.87
2013-08-01,1.94
2013-08-02,1.91
2013-08-05,1.92
2013-08-06,1.94
2013-08-07,1.93
2013-08-08,1.90
2013-08-09,1.91
2013-08-12,1.91
2013-08-13,1.92
2013-08-14,1.86
2013-08-15,1.83
2013-08-16,1.79
2013-08-19,1.76
2013-08-20,1.78
2013-08-21,1.77
2013-08-22,1.77
2013-08-23,1.82
2013-08-26,1.82
2013-08-27,1.86
2013-08-28,1.85
2013-08-29,1.80
2013-08-30,1.78
2013-09-02,.
2013-09-03,1.76
2013-09-04,1.74
2013-09-05,1.71
2013-09-06,1.71
2013-09-09,1.69
2013-09-10,1.74
2013-09-11,1.76
2013-09-12,1.75
2013-09-13,1.75
2013-09-16,1.76
2013-09-17,1.79
2013-09-18,1.84
2013-09-19,1.83
2013-09-20,1.85
2013-09-23,1.84
2013-09-24,1.77
2013-09-25,1.79
2013-09-26,1.77
2013-09-27,1.76
2013-09-30,1.74
2013-10-01,1.77
2013-10-02,1.80
2013-10-03,1.77
2013-10-04,1.79
2013-10-07,1.79
2013-10-08,1.76
2013-10-09,1.78
2013-10-10,1.81
2013-10-11,1.79
2013-10-14,.
2013-10-15,1.79
2013-10-16,1.79
2013-10-17,1.77
2013-10-18,1.78
2013-10-21,1.79
2013-10-22,1.76
2013-10-23,1.76
2013-10-24,1.77
2013-10-25,1.77
2013-10-28,1.79
2013-10-29,1.76
2013-10-30,1.77
2013-10-31,1.74
2013-11-01,1.70
2013-11-04,1.71
2013-11-05,1.72
2013-11-06,1.77
2013-11-07,1.76
2013-11-08,1.77
2013-11-11,.
2013-11-12,1.79
2013-11-13,1.79
2013-11-14,1.80
2013-11-15,1.80
2013-11-18,1.80
2013-11-19,1.77
2013-11-20,1.75
2013-11-21,1.76
2013-11-22,1.76
2013-11-25,1.75
2013-11-26,1.71
2013-11-27,1.71
2013-11-28,.
2013-11-29,1.69
2013-12-02,1.70
2013-12-03,1.69
2013-12-04,1.64
2013-12-05,1.66
2013-12-06,1.65
2013-12-09,1.63
2013-12-10,1.64
2013-12-11,1.65
2013-12-12,1.65
2013-12-13,1.66
2013-12-16,1.68
2013-12-17,1.69
2013-12-18,1.67
2013-12-19,1.75
2013-12-20,1.64
2013-12-23,1.67
2013-12-24,1.68
2013-12-25,.
2013-12-26,1.70
2013-12-27,1.68
2013-12-30,1.64
2013-12-31,1.69
2014-01-01,.
2014-01-02,1.71
2014-01-03,1.69
2014-01-06,1.75
2014-01-07,1.83
2014-01-08,1.76
2014-01-09,1.83
2014-01-10,1.75
2014-01-13,1.71
2014-01-14,1.76
2014-01-15,1.72
2014-01-16,1.74
2014-01-17,1.72
2014-01-20,.
2014-01-21,1.71
2014-01-22,1.79
2014-01-23,1.72
2014-01-24,1.68
2014-01-27,1.72
2014-01-28,1.71
2014-01-29,1.72
2014-01-30,1.76
2014-01-31,1.72
2014-02-03,1.70
2014-02-04,1.77
2014-02-05,1.78
2014-02-06,1.82
2014-02-07,1.77
2014-02-10,1.79
2014-02-11,1.80
2014-02-12,1.83
2014-02-13,1.77
2014-02-14,1.67
2014-02-17,.
2014-02-18,1.79
2014-02-19,1.78
2014-02-20,1.78
2014-02-21,1.74
2014-02-24,1.78
2014-02-25,1.78
2014-02-26,1.76
2014-02-27,1.81
2014-02-28,1.79
2014-03-03,1.78
2014-03-04,1.79
2014-03-05,1.80
2014-03-06,1.84
2014-03-07,1.83
2014-03-10,1.88
2014-03-11,1.86
2014-03-12,1.82
2014-03-13,1.75
2014-03-14,1.74
2014-03-17,1.80
2014-03-18,1.77
2014-03-19,1.73
2014-03-20,1.75
2014-03-21,1.79
2014-03-24,1.79
2014-03-25,1.70
2014-03-26,1.75
2014-03-27,1.73
2014-03-28,1.72
2014-03-31,1.70
2014-04-01,1.71
2014-04-02,1.72
2014-04-03,1.68
2014-04-04,1.71
2014-04-07,1.61
2014-04-08,1.71
2014-04-09,1.70
2014-04-10,1.69
2014-04-11,1.64
2014-04-14,1.71
2014-04-15,1.68
2014-04-16,1.73
2014-04-17,1.95
2014-04-18,.
2014-04-21,1.97
2014-04-22,1.98
2014-04-23,1.98
2014-04-24,1.99
2014-04-25,1.96
2014-04-28,1.95
2014-04-29,1.95
2014-04-30,1.96
2014-05-01,1.96
2014-05-02,1.95
2014-05-05,1.92
2014-05-06,1.91
2014-05-07,1.92
2014-05-08,1.93
2014-05-09,1.92
2014-05-12,1.91
2014-05-13,1.89
2014-05-14,1.92
2014-05-15,1.96
2014-05-16,1.94
2014-05-19,1.93
2014-05-20,1.92
2014-05-21,1.95
2014-05-22,1.97
2014-05-23,1.97
2014-05-26,.
2014-05-27,1.95
2014-05-28,1.94
2014-05-29,1.96
2014-05-30,1.93
2014-06-02,1.93
2014-06-03,1.92
2014-06-04,1.90
2014-06-05,1.92
2014-06-06,1.93
2014-06-09,1.95
2014-06-10,1.94
2014-06-11,1.94
2014-06-12,1.95
2014-06-13,1.93
2014-06-16,1.92
2014-06-17,1.97
2014-06-18,1.98
2014-06-19,2.02
2014-06-20,2.02
2014-06-23,2.03
2014-06-24,2.05
2014-06-25,2.03
2014-06-26,2.02
2014-06-27,2.03
2014-06-30,2.00
2014-07-01,2.00
2014-07-02,2.01
2014-07-03,2.03
2014-07-04,.
2014-07-07,2.01
2014-07-08,1.99
2014-07-09,1.98
2014-07-10,2.00
2014-07-11,1.99
2014-07-14,1.99
2014-07-15,1.96
2014-07-16,1.95
2014-07-17,1.97
2014-07-18,1.96
2014-07-21,1.97
2014-07-22,1.93
2014-07-23,1.92
2014-07-24,1.93
2014-07-25,1.95
2014-07-28,1.95
2014-07-29,1.94
2014-07-30,1.96
2014-07-31,1.97
2014-08-01,1.92
2014-08-04,1.90
2014-08-05,1.90
2014-08-06,1.90
2014-08-07,1.89
2014-08-08,1.86
2014-08-11,1.86
2014-08-12,1.87
2014-08-13,1.88
2014-08-14,1.84
2014-08-15,1.83
2014-08-18,1.85
2014-08-19,1.81
2014-08-20,1.83
2014-08-21,1.80
2014-08-22,1.79
2014-08-25,1.78
2014-08-26,1.83
2014-08-27,1.80
2014-08-28,1.77
2014-08-29,1.76
2014-09-01,.
2014-09-02,1.76
2014-09-03,1.77
2014-09-04,1.76
2014-09-05,1.77
2014-09-08,1.74
2014-09-09,1.71
2014-09-10,1.69
2014-09-11,1.76
2014-09-12,1.75
2014-09-15,1.73
2014-09-16,1.75
2014-09-17,1.63
2014-09-18,1.56
2014-09-19,1.56
2014-09-22,1.60
2014-09-23,1.63
2014-09-24,1.66
2014-09-25,1.62
2014-09-26,1.59
2014-09-29,1.61
2014-09-30,1.56
2014-10-01,1.60
2014-10-02,1.57
2014-10-03,1.56
2014-10-06,1.55
2014-10-07,1.52
2014-10-08,1.54
2014-10-09,1.52
2014-10-10,1.52
2014-10-13,.
2014-10-14,1.41
2014-10-15,1.37
2014-10-16,1.37
2014-10-17,1.43
2014-10-20,1.45
2014-10-21,1.42
2014-10-22,1.47
2014-10-23,1.43
2014-10-24,1.46
2014-10-27,1.44
2014-10-28,1.47
2014-10-29,1.47
2014-10-30,1.49
2014-10-31,1.53
2014-11-03,1.55
2014-11-04,1.49
2014-11-05,1.54
2014-11-06,1.58
2014-11-07,1.59
2014-11-10,1.58
2014-11-11,.
2014-11-12,1.53
2014-11-13,1.48
2014-11-14,1.45
2014-11-17,1.42
2014-11-18,1.42
2014-11-19,1.39
2014-11-20,1.41
2014-11-21,1.44
2014-11-24,1.43
2014-11-25,1.47
2014-11-26,1.44
2014-11-27,.
2014-11-28,1.39
2014-12-01,1.39
2014-12-02,1.36
2014-12-03,1.38
2014-12-04,1.36
2014-12-05,1.35
2014-12-08,1.24
2014-12-09,1.34
2014-12-10,1.27
2014-12-11,1.27
2014-12-12,1.20
2014-12-15,1.17
2014-12-16,1.21
2014-12-17,1.22
2014-12-18,1.20
2014-12-19,1.27
2014-12-22,1.29
2014-12-23,1.30
2014-12-24,1.26
2014-12-25,.
2014-12-26,1.26
2014-12-29,1.22
2014-12-30,1.21
2014-12-31,1.27
2015-01-01,.
2015-01-02,1.30
2015-01-05,1.25
2015-01-06,1.16
2015-01-07,1.16
2015-01-08,1.21
2015-01-09,1.20
2015-01-12,1.16
2015-01-13,1.05
2015-01-14,1.18
2015-01-15,1.18
2015-01-16,1.19
2015-01-19,.
2015-01-20,1.19
2015-01-21,1.17
2015-01-22,1.19
2015-01-23,1.21
2015-01-26,1.24
2015-01-27,1.29
2015-01-28,1.24
2015-01-29,1.31
2015-01-30,1.29
2015-02-02,1.32
2015-02-03,1.40
2015-02-04,1.35
2015-02-05,1.38
2015-02-06,1.36
2015-02-09,1.36
2015-02-10,1.32
2015-02-11,1.32
2015-02-12,1.37
2015-02-13,1.32
2015-02-16,.
2015-02-17,1.33
2015-02-18,1.32
2015-02-19,1.35
2015-02-20,1.37
2015-02-23,1.34
2015-02-24,1.33
2015-02-25,1.36
2015-02-26,1.49
2015-02-27,1.49
2015-03-02,1.54
2015-03-03,1.57
2015-03-04,1.61
2015-03-05,1.53
2015-03-06,1.55
2015-03-09,1.47
2015-03-10,1.36
2015-03-11,1.45
2015-03-12,1.41
2015-03-13,1.40
2015-03-16,1.27
2015-03-17,1.34
2015-03-18,1.33
2015-03-19,1.49
2015-03-20,1.50
2015-03-23,1.48
2015-03-24,1.53
2015-03-25,1.56
2015-03-26,1.57
2015-03-27,1.54
2015-03-30,1.49
2015-03-31,1.51
2015-04-01,1.58
2015-04-02,1.56
2015-04-03,1.58
2015-04-06,1.60
2015-04-07,1.60
2015-04-08,1.58
2015-04-09,1.59
2015-04-10,1.56
2015-04-13,1.55
2015-04-14,1.55
2015-04-15,1.59
2015-04-16,1.58
2015-04-17,1.65
2015-04-20,1.60
2015-04-21,1.59
2015-04-22,1.60
2015-04-23,1.70
2015-04-24,1.71
2015-04-27,1.71
2015-04-28,1.69
2015-04-29,1.70
2015-04-30,1.72
2015-05-01,1.72
2015-05-04,1.69
2015-05-05,1.72
2015-05-06,1.69
2015-05-07,1.66
2015-05-08,1.66
2015-05-11,1.64
2015-05-12,1.65
2015-05-13,1.67
2015-05-14,1.65
2015-05-15,1.62
2015-05-18,1.64
2015-05-19,1.62
2015-05-20,1.65
2015-05-21,1.63
2015-05-22,1.65
2015-05-25,.
2015-05-26,1.59
2015-05-27,1.54
2015-05-28,1.53
2015-05-29,1.57
2015-06-01,1.55
2015-06-02,1.59
2015-06-03,1.59
2015-06-04,1.59
2015-06-05,1.64
2015-06-08,1.63
2015-06-09,1.65
2015-06-10,1.66
2015-06-11,1.63
2015-06-12,1.64
2015-06-15,1.64
2015-06-16,1.67
2015-06-17,1.69
2015-06-18,1.67
2015-06-19,1.63
2015-06-22,1.65
2015-06-23,1.67
2015-06-24,1.64
2015-06-25,1.63
2015-06-26,1.66
2015-06-29,1.59
2015-06-30,1.61
2015-07-01,1.60
2015-07-02,1.62
2015-07-03,.
2015-07-06,1.57
2015-07-07,1.57
2015-07-08,1.54
2015-07-09,1.56
2015-07-10,1.58
2015-07-13,1.56
2015-07-14,1.55
2015-07-15,1.53
2015-07-16,1.52
2015-07-17,1.50
2015-07-20,1.49
2015-07-21,1.49
2015-07-22,1.48
2015-07-23,1.45
2015-07-24,1.40
2015-07-27,1.35
2015-07-28,1.38
2015-07-29,1.40
2015-07-30,1.40
2015-07-31,1.36
2015-08-03,1.31
2015-08-04,1.31
2015-08-05,1.31
2015-08-06,1.31
2015-08-07,1.28
2015-08-10,1.30
2015-08-11,1.27
2015-08-12,1.27
2015-08-13,1.24
2015-08-14,1.25
2015-08-17,1.22
2015-08-18,1.21
2015-08-19,1.17
2015-08-20,1.17
2015-08-21,1.13
2015-08-24,1.11
2015-08-25,1.15
2015-08-26,1.13
2015-08-27,1.20
2015-08-28,1.22
2015-08-31,1.26
2015-09-01,1.18
2015-09-02,1.19
2015-09-03,1.16
2015-09-04,1.14
2015-09-07,.
2015-09-08,1.15
2015-09-09,1.15
2015-09-10,1.21
2015-09-11,1.21
2015-09-14,1.19
2015-09-15,1.20
2015-09-16,1.21
2015-09-17,1.24
2015-09-18,1.19
2015-09-21,1.19
2015-09-22,1.15
2015-09-23,1.16
2015-09-24,1.11
2015-09-25,1.11
2015-09-28,1.02
2015-09-29,1.03
2015-09-30,1.07
2015-10-01,1.13
2015-10-02,1.15
2015-10-05,1.18
2015-10-06,1.22
2015-10-07,1.22
2015-10-08,1.26
2015-10-09,1.22
2015-10-12,.
2015-10-13,1.18
2015-10-14,1.15
2015-10-15,1.18
2015-10-16,1.18
2015-10-19,1.13
2015-10-20,1.16
2015-10-21,1.13
2015-10-22,1.14
2015-10-23,1.19
2015-10-26,1.16
2015-10-27,1.15
2015-10-28,1.14
2015-10-29,1.19
2015-10-30,1.20
2015-11-02,1.23
2015-11-03,1.27
2015-11-04,1.26
2015-11-05,1.23
2015-11-06,1.25
2015-11-09,1.28
2015-11-10,1.25
2015-11-11,.
2015-11-12,1.24
2015-11-13,1.21
2015-11-16,1.20
2015-11-17,1.23
2015-11-18,1.25
2015-11-19,1.27
2015-11-20,1.31
2015-11-23,1.33
2015-11-24,1.33
2015-11-25,1.31
2015-11-26,.
2015-11-27,1.31
2015-11-30,1.30
2015-12-01,1.29
2015-12-02,1.27
2015-12-03,1.33
2015-12-04,1.30
2015-12-07,1.25
2015-12-08,1.25
2015-12-09,1.21
2015-12-10,1.20
2015-12-11,1.17
2015-12-14,1.17
2015-12-15,1.22
2015-12-16,1.20
2015-12-17,1.21
2015-12-18,1.21
2015-12-21,1.19
2015-12-22,1.19
2015-12-23,1.25
2015-12-24,1.23
2015-12-25,.
2015-12-28,1.24
2015-12-29,1.28
2015-12-30,1.28
2015-12-31,1.31
2016-01-01,.
2016-01-04,1.31
2016-01-05,1.31
2016-01-06,1.26
2016-01-07,1.25
2016-01-08,1.23
2016-01-11,1.19
2016-01-12,1.19
2016-01-13,1.18
2016-01-14,1.20
2016-01-15,1.12
2016-01-18,.
2016-01-19,1.16
2016-01-20,1.10
2016-01-21,1.08
2016-01-22,1.15
2016-01-25,1.15
2016-01-26,1.17
2016-01-27,1.18
2016-01-28,1.20
2016-01-29,1.19
2016-02-01,1.20
2016-02-02,1.14
2016-02-03,1.16
2016-02-04,1.13
2016-02-05,1.07
2016-02-08,0.97
2016-02-09,0.93
2016-02-10,0.95
2016-02-11,0.94
2016-02-12,1.03
2016-02-15,.
2016-02-16,1.03
2016-02-17,1.04
2016-02-18,1.02
2016-02-19,1.06
2016-02-22,1.11
2016-02-23,1.13
2016-02-24,1.15
2016-02-25,1.18
2016-02-26,1.20
2016-02-29,1.23
2016-03-01,1.29
2016-03-02,1.34
2016-03-03,1.36
2016-03-04,1.36
2016-03-07,1.36
2016-03-08,1.33
2016-03-09,1.37
2016-03-10,1.35
2016-03-11,1.41
2016-03-14,1.38
2016-03-15,1.35
2016-03-16,1.45
2016-03-17,1.46
2016-03-18,1.47
2016-03-21,1.50
2016-03-22,1.48
2016-03-23,1.44
2016-03-24,1.42
2016-03-25,.
2016-03-28,1.40
2016-03-29,1.47
2016-03-30,1.52
2016-03-31,1.49
2016-04-01,1.49
2016-04-04,1.48
2016-04-05,1.43
2016-04-06,1.43
2016-04-07,1.41
2016-04-08,1.43
2016-04-11,1.41
2016-04-12,1.39
2016-04-13,1.43
2016-04-14,1.42
2016-04-15,1.42
2016-04-18,1.41
2016-04-19,1.46
2016-04-20,1.49
2016-04-21,1.56
2016-04-22,1.56
2016-04-25,1.56
2016-04-26,1.56
2016-04-27,1.57
2016-04-28,1.61
2016-04-29,1.60
2016-05-02,1.58
2016-05-03,1.54
2016-05-04,1.52
2016-05-05,1.52
2016-05-06,1.51
2016-05-09,1.50
2016-05-10,1.53
2016-05-11,1.53
2016-05-12,1.53
2016-05-13,1.52
2016-05-16,1.53
2016-05-17,1.56
2016-05-18,1.54
2016-05-19,1.51
2016-05-20,1.51
2016-05-23,1.49
2016-05-24,1.51
2016-05-25,1.51
2016-05-26,1.51
2016-05-27,1.51
2016-05-30,.
2016-05-31,1.47
2016-06-01,1.47
2016-06-02,1.48
2016-06-03,1.45
2016-06-06,1.49
2016-06-07,1.51
2016-06-08,1.54
2016-06-09,1.53
2016-06-10,1.49
2016-06-13,1.45
2016-06-14,1.45
2016-06-15,1.47
2016-06-16,1.42
2016-06-17,1.43
2016-06-20,1.43
2016-06-21,1.41
2016-06-22,1.41
2016-06-23,1.47
2016-06-24,1.36
2016-06-27,1.27
2016-06-28,1.32
2016-06-29,1.36
2016-06-30,1.38
2016-07-01,1.43
2016-07-04,.
2016-07-05,1.39
2016-07-06,1.41
2016-07-07,1.41
2016-07-08,1.39
2016-07-11,1.41
2016-07-12,1.46
2016-07-13,1.43
2016-07-14,1.44
2016-07-15,1.44
2016-07-18,1.41
2016-07-19,1.39
2016-07-20,1.40
2016-07-21,1.38
2016-07-22,1.36
2016-07-25,1.34
2016-07-26,1.33
2016-07-27,1.31
2016-07-28,1.33
2016-07-29,1.31
2016-08-01,1.27
2016-08-02,1.25
2016-08-03,1.28
2016-08-04,1.30
2016-08-05,1.33
2016-08-08,1.34
2016-08-09,1.30
2016-08-10,1.27
2016-08-11,1.32
2016-08-12,1.29
2016-08-15,1.30
2016-08-16,1.28
2016-08-17,1.31
2016-08-18,1.32
2016-08-19,1.34
2016-08-22,1.34
2016-08-23,1.34
2016-08-24,1.32
2016-08-25,1.33
2016-08-26,1.31
2016-08-29,1.29
2016-08-30,1.28
2016-08-31,1.27
2016-09-01,1.24
2016-09-02,1.28
2016-09-05,.
2016-09-06,1.29
2016-09-07,1.30
2016-09-08,1.34
2016-09-09,1.32
2016-09-12,1.33
2016-09-13,1.31
2016-09-14,1.30
2016-09-15,1.31
2016-09-16,1.34
2016-09-19,1.35
2016-09-20,1.33
2016-09-21,1.37
2016-09-22,1.40
2016-09-23,1.42
2016-09-26,1.40
2016-09-27,1.38
2016-09-28,1.44
2016-09-29,1.44
2016-09-30,1.45
2016-10-03,1.47
2016-10-04,1.45
2016-10-05,1.48
2016-10-06,1.49
2016-10-07,1.50
2016-10-10,.
2016-10-11,1.51
2016-10-12,1.51
2016-10-13,1.50
2016-10-14,1.53
2016-10-17,1.55
2016-10-18,1.54
2016-10-19,1.56
2016-10-20,1.56
2016-10-21,1.56
2016-10-24,1.53
2016-10-25,1.57
2016-10-26,1.58
2016-10-27,1.57
2016-10-28,1.60
2016-10-31,1.59
2016-11-01,1.59
2016-11-02,1.55
2016-11-03,1.52
2016-11-04,1.52
2016-11-07,1.56
2016-11-08,1.57
2016-11-09,1.67
2016-11-10,1.70
2016-11-11,.
2016-11-14,1.65
2016-11-15,1.67
2016-11-16,1.66
2016-11-17,1.71
2016-11-18,1.74
2016-11-21,1.74
2016-11-22,1.75
2016-11-23,1.74
2016-11-24,.
2016-11-25,1.74
2016-11-28,1.69
2016-11-29,1.69
2016-11-30,1.77
2016-12-01,1.81
2016-12-02,1.76
2016-12-05,1.79
2016-12-06,1.80
2016-12-07,1.78
2016-12-08,1.83
2016-12-09,1.83
2016-12-12,1.86
2016-12-13,1.86
2016-12-14,1.82
2016-12-15,1.78
2016-12-16,1.75
2016-12-19,1.74
2016-12-20,1.80
2016-12-21,1.74
2016-12-22,1.86
2016-12-23,1.84
2016-12-26,.
2016-12-27,1.88
2016-12-28,1.85
2016-12-29,1.81
2016-12-30,1.84
2017-01-02,.
2017-01-03,1.86
2017-01-04,1.86
2017-01-05,1.83
2017-01-06,1.84
2017-01-09,1.85
2017-01-10,1.84
2017-01-11,1.85
2017-01-12,1.87
2017-01-13,1.85
2017-01-16,.
2017-01-17,1.84
2017-01-18,1.86
2017-01-19,1.90
2017-01-20,1.92
2017-01-23,1.86
2017-01-24,1.93
2017-01-25,1.96
2017-01-26,1.94
2017-01-27,1.96
2017-01-30,1.95
2017-01-31,1.94
2017-02-01,1.92
2017-02-02,1.93
2017-02-03,1.91
2017-02-06,1.91
2017-02-07,1.87
2017-02-08,1.82
2017-02-09,1.86
2017-02-10,1.87
2017-02-13,1.87
2017-02-14,1.87
2017-02-15,1.93
2017-02-16,1.90
2017-02-17,1.85
2017-02-20,.
2017-02-21,1.87
2017-02-22,1.92
2017-02-23,1.90
2017-02-24,1.90
2017-02-27,1.86
2017-02-28,1.89
2017-03-01,1.84
2017-03-02,1.84
2017-03-03,1.92
2017-03-06,1.90
2017-03-07,1.92
2017-03-08,1.90
2017-03-09,1.89
2017-03-10,1.90
2017-03-13,1.86
2017-03-14,1.88
2017-03-15,1.84
2017-03-16,1.87
2017-03-17,1.89
2017-03-20,1.86
2017-03-21,1.80
2017-03-22,1.79
2017-03-23,1.75
2017-03-24,1.73
2017-03-27,1.75
2017-03-28,1.73
2017-03-29,1.80
2017-03-30,1.81
2017-03-31,1.77
2017-04-03,1.73
2017-04-04,1.77
2017-04-05,1.77
2017-04-06,1.71
2017-04-07,1.70
2017-04-10,1.69
2017-04-11,1.70
2017-04-12,1.69
2017-04-13,1.74
2017-04-14,.
2017-04-17,1.69
2017-04-18,1.65
2017-04-19,1.66
2017-04-20,1.82
2017-04-21,1.79
2017-04-24,1.81
2017-04-25,1.85
2017-04-26,1.83
2017-04-27,1.81
2017-04-28,1.81
2017-05-01,1.80
2017-05-02,1.77
2017-05-03,1.76
2017-05-04,1.72
2017-05-05,1.75
2017-05-08,1.75
2017-05-09,1.74
2017-05-10,1.78
2017-05-11,1.82
2017-05-12,1.75
2017-05-15,1.74
2017-05-16,1.74
2017-05-17,1.70
2017-05-18,1.72
2017-05-19,1.75
2017-05-22,1.75
2017-05-23,1.77
2017-05-24,1.73
2017-05-25,1.70
2017-05-26,1.73
2017-05-29,.
2017-05-30,1.73
2017-05-31,1.72
2017-06-01,1.73
2017-06-02,1.72
2017-06-05,1.72
2017-06-06,1.71
2017-06-07,1.69
2017-06-08,1.69
2017-06-09,1.68
2017-06-12,1.67
2017-06-13,1.67
2017-06-14,1.59
2017-06-15,1.56
2017-06-16,1.56
2017-06-19,1.56
2017-06-20,1.54
2017-06-21,1.54
2017-06-22,1.57
2017-06-23,1.59
2017-06-26,1.61
2017-06-27,1.62
2017-06-28,1.65
2017-06-29,1.62
2017-06-30,1.63
2017-07-03,1.66
2017-07-04,.
2017-07-05,1.65
2017-07-06,1.66
2017-07-07,1.63
2017-07-10,1.60
2017-07-11,1.61
2017-07-12,1.63
2017-07-13,1.64
2017-07-14,1.62
2017-07-17,1.64
2017-07-18,1.62
2017-07-19,1.65
2017-07-20,1.62
2017-07-21,1.62
2017-07-24,1.62
2017-07-25,1.67
2017-07-26,1.66
2017-07-27,1.68
2017-07-28,1.68
2017-07-31,1.67
2017-08-01,1.62
2017-08-02,1.63
2017-08-03,1.62
2017-08-04,1.65
2017-08-07,1.65
2017-08-08,1.69
2017-08-09,1.7
2017-08-10,1.68
2017-08-11,1.64
2017-08-14,1.59
2017-08-15,1.63
2017-08-16,1.62
2017-08-17,1.61
2017-08-18,1.61
2017-08-21,1.59
2017-08-22,1.61
2017-08-23,1.58
2017-08-24,1.6
2017-08-25,1.57
2017-08-28,1.56
2017-08-29,1.54
2017-08-30,1.57
2017-08-31,1.58
2017-09-01,1.63
2017-09-04,.
2017-09-05,1.58
2017-09-06,1.6
2017-09-07,1.61
2017-09-08,1.63
2017-09-11,1.63
2017-09-12,1.67
2017-09-13,1.68
2017-09-14,1.7
2017-09-15,1.72
2017-09-18,1.74
2017-09-19,1.74
2017-09-20,1.71
2017-09-21,1.7
2017-09-22,1.71
2017-09-25,1.72
2017-09-26,1.72
2017-09-27,1.74
2017-09-28,1.73
2017-09-29,1.68
2017-10-02,1.73
2017-10-03,1.68
2017-10-04,1.73
2017-10-05,1.74
2017-10-06,1.78
2017-10-09,.
2017-10-10,1.75
2017-10-11,1.75
2017-10-12,1.79
2017-10-13,1.71
2017-10-16,1.66
2017-10-17,1.69
2017-10-18,1.69
2017-10-19,1.66
2017-10-20,1.76
2017-10-23,1.69
2017-10-24,1.73
2017-10-25,1.74
2017-10-26,1.76
2017-10-27,1.76
2017-10-30,1.77
2017-10-31,1.79
2017-11-01,1.71
2017-11-02,1.79
2017-11-03,1.74
2017-11-06,1.77
2017-11-07,1.8
2017-11-08,1.77
2017-11-09,1.8
2017-11-10,1.78
2017-11-13,1.79
2017-11-14,1.79
2017-11-15,1.78
2017-11-16,1.79
2017-11-17,1.75
2017-11-20,1.74
2017-11-21,1.75
2017-11-22,1.75
2017-11-23,.
2017-11-24,1.71
2017-11-27,1.69
2017-11-28,1.69
2017-11-29,1.69
2017-11-30,1.73
2017-12-01,1.72
2017-12-04,1.76
2017-12-05,1.69
2017-12-06,1.74
2017-12-07,1.74
2017-12-08,1.71
2017-12-11,1.76
2017-12-12,1.78
2017-12-13,1.74
2017-12-14,1.76
2017-12-15,1.77
2017-12-18,1.71
2017-12-19,1.74
2017-12-20,1.74
2017-12-21,1.84
2017-12-22,1.82
2017-12-25,.
2017-12-26,1.76
2017-12-27,1.82
2017-12-28,1.86
2017-12-29,1.86
2018-01-01,.
2018-01-02,1.9
2018-01-03,1.87
2018-01-04,1.92
2018-01-05,1.95
2018-01-08,1.91
2018-01-09,1.95
2018-01-10,1.94
2018-01-11,1.89
2018-01-12,1.92
2018-01-15,.
2018-01-16,1.94
2018-01-17,1.9
2018-01-18,1.99
2018-01-19,2.0
2018-01-22,2.0
2018-01-23,1.92
2018-01-24,1.96
2018-01-25,1.91
2018-01-26,1.93
2018-01-29,1.92
2018-01-30,1.97
2018-01-31,1.98
2018-02-01,1.93
2018-02-02,1.93
2018-02-05,1.95
2018-02-06,1.88
2018-02-07,1.9
2018-02-08,1.89
2018-02-09,1.83
2018-02-12,1.84
2018-02-13,1.88
2018-02-14,1.91
2018-02-15,2.0
2018-02-16,2.0
2018-02-19,.
2018-02-20,2.04
2018-02-21,2.06
2018-02-22,2.06
2018-02-23,2.04
2018-02-26,2.07
2018-02-27,2.09
2018-02-28,2.04
2018-03-01,2.03
2018-03-02,2.03
2018-03-05,2.05
2018-03-06,2.1
2018-03-07,2.1
2018-03-08,2.08
2018-03-09,1.96
2018-03-12,2.02
2018-03-13,2.05
2018-03-14,2.04
2018-03-15,2.07
2018-03-16,2.05
2018-03-19,2.04
2018-03-20,2.05
2018-03-21,1.96
2018-03-22,2.03
2018-03-23,2.01
2018-03-26,2.01
2018-03-27,1.94
2018-03-28,1.91
2018-03-29,1.92
2018-03-30,.
2018-04-02,1.99
2018-04-03,1.99
2018-04-04,2.04
2018-04-05,1.93
2018-04-06,2.01
2018-04-09,2.02
2018-04-10,2.0
2018-04-11,2.06
2018-04-12,2.05
2018-04-13,2.01
2018-04-16,2.08
2018-04-17,2.01
2018-04-18,2.04
2018-04-19,2.12
2018-04-20,2.1
2018-04-23,2.11
2018-04-24,2.1
2018-04-25,2.09
2018-04-26,2.1
2018-04-27,2.09
2018-04-30,2.1
2018-05-01,2.09
2018-05-02,2.09
2018-05-03,2.09
2018-05-04,2.09
2018-05-07,2.11
2018-05-08,2.1
2018-05-09,2.13
2018-05-10,2.12
2018-05-11,2.13
2018-05-14,2.12
2018-05-15,2.15
2018-05-16,2.16
2018-05-17,2.16
2018-05-18,2.14
2018-05-21,2.15
2018-05-22,2.13
2018-05-23,2.12
2018-05-24,2.11
2018-05-25,2.04
2018-05-28,.
2018-05-29,1.98
2018-05-30,2.0
2018-05-31,2.03
2018-06-01,2.06
2018-06-04,2.06
2018-06-05,2.05
2018-06-06,2.06
2018-06-07,2.08
2018-06-08,2.06
2018-06-11,2.08
2018-06-12,2.07
2018-06-13,2.09
2018-06-14,2.07
2018-06-15,2.08
2018-06-18,2.08
2018-06-19,2.07
2018-06-20,2.06
2018-06-21,2.05
2018-06-22,2.07
2018-06-25,2.06
2018-06-26,2.07
2018-06-27,2.07
2018-06-28,2.07
2018-06-29,2.06
2018-07-02,2.07
2018-07-03,2.08
2018-07-04,.
2018-07-05,2.1
2018-07-06,2.08
2018-07-09,2.1
2018-07-10,2.09
2018-07-11,2.07
2018-07-12,2.06
2018-07-13,2.07
2018-07-16,2.05
2018-07-17,2.03
2018-07-18,2.03
2018-07-19,2.01
2018-07-20,2.02
2018-07-23,2.01
2018-07-24,2.0
2018-07-25,2.01
2018-07-26,2.0
2018-07-27,2.0
2018-07-30,2.01
2018-07-31,2.0
2018-08-01,2.0
2018-08-02,1.99
2018-08-03,2.0
2018-08-06,1.98
2018-08-07,2.0
2018-08-08,1.98
2018-08-09,1.97
2018-08-10,1.98
2018-08-13,1.99
2018-08-14,1.99
2018-08-15,1.97
2018-08-16,1.97
2018-08-17,1.96
2018-08-20,1.95
2018-08-21,1.97
2018-08-22,1.96
2018-08-23,1.99
2018-08-24,1.99
2018-08-27,2.0
2018-08-28,1.99
2018-08-29,2.0
2018-08-30,1.99
2018-08-31,1.98
2018-09-03,.
2018-09-04,1.99
2018-09-05,1.98
2018-09-06,1.97
2018-09-07,1.98
2018-09-10,1.98
2018-09-11,2.01
2018-09-12,2.02
2018-09-13,1.98
2018-09-14,2.0
2018-09-17,1.99
2018-09-18,2.01
2018-09-19,2.02
2018-09-20,2.02
2018-09-21,2.02
2018-09-24,2.03
2018-09-25,2.05
2018-09-26,2.04
2018-09-27,2.04
2018-09-28,2.03
2018-10-01,2.04
2018-10-02,2.03
2018-10-03,2.07
2018-10-04,2.06
2018-10-05,2.05
2018-10-08,.
2018-10-09,2.05
2018-10-10,2.04
2018-10-11,1.99
2018-10-12,1.99
2018-10-15,2.0
2018-10-16,2.01
2018-10-17,2.0
2018-10-18,1.99
2018-10-19,1.98
2018-10-22,1.98
2018-10-23,1.94
2018-10-24,1.93
2018-10-25,1.91
2018-10-26,1.93
2018-10-29,1.92
2018-10-30,1.91
2018-10-31,1.9
2018-11-01,1.88
2018-11-02,1.91
2018-11-05,1.91
2018-11-06,1.92
2018-11-07,1.93
2018-11-08,1.92
2018-11-09,1.9
2018-11-12,.
2018-11-13,1.88
2018-11-14,1.85
2018-11-15,1.85
2018-11-16,1.88
2018-11-19,1.85
2018-11-20,1.82
2018-11-21,1.81
2018-11-22,.
2018-11-23,1.77
2018-11-26,1.78
2018-11-27,1.73
2018-11-28,1.74
2018-11-29,1.79
2018-11-30,1.77
2018-12-03,1.76
2018-12-04,1.74
2018-12-05,.
2018-12-06,1.69
2018-12-07,1.68
2018-12-10,1.65
2018-12-11,1.62
2018-12-12,1.62
2018-12-13,1.62
2018-12-14,1.6
2018-12-17,1.58
2018-12-18,1.58
2018-12-19,1.56
2018-12-20,1.53
2018-12-21,1.55
2018-12-24,1.52
2018-12-25,.
2018-12-26,1.57
2018-12-27,1.53
2018-12-28,1.52
2018-12-31,1.51
2019-01-01,.
2019-01-02,1.49
2019-01-03,1.49
2019-01-04,1.58
2019-01-07,1.61
2019-01-08,1.66
2019-01-09,1.68
2019-01-10,1.65
2019-01-11,1.66
2019-01-14,1.64
2019-01-15,1.63
2019-01-16,1.64
2019-01-17,1.64
2019-01-18,1.67
2019-01-21,.
2019-01-22,1.63
2019-01-23,1.64
2019-01-24,1.62
2019-01-25,1.64
2019-01-28,1.62
2019-01-29,1.62
2019-01-30,1.68
2019-01-31,1.7
2019-02-01,1.72
2019-02-04,1.72
2019-02-05,1.72
2019-02-06,1.71
2019-02-07,1.69
2019-02-08,1.69
2019-02-11,1.69
2019-02-12,1.71
2019-02-13,1.76
2019-02-14,1.74
2019-02-15,1.75
2019-02-18,.
2019-02-19,1.76
2019-02-20,1.79
2019-02-21,1.8
2019-02-22,1.82
2019-02-25,1.82
2019-02-26,1.82
2019-02-27,1.84
2019-02-28,1.84
2019-03-01,1.85
2019-03-04,1.84
2019-03-05,1.83
2019-03-06,1.81
2019-03-07,1.8
2019-03-08,1.8
2019-03-11,1.82
2019-03-12,1.81
2019-03-13,1.84
2019-03-14,1.85
2019-03-15,1.86
2019-03-18,1.88
2019-03-19,1.85
2019-03-20,1.88
2019-03-21,1.86
2019-03-22,1.8
2019-03-25,1.77
2019-03-26,1.75
2019-03-27,1.74
2019-03-28,1.72
2019-03-29,1.78
2019-04-01,1.82
2019-04-02,1.81
2019-04-03,1.81
2019-04-04,1.81
2019-04-05,1.79
2019-04-08,1.81
2019-04-09,1.8
2019-04-10,1.83
2019-04-11,1.82
2019-04-12,1.86
2019-04-15,1.85
2019-04-16,1.86
2019-04-17,1.84
2019-04-18,1.86
2019-04-19,.
2019-04-22,1.87
2019-04-23,1.87
2019-04-24,1.87
2019-04-25,1.86
2019-04-26,1.86
2019-04-29,1.86
2019-04-30,1.85
2019-05-01,1.83
2019-05-02,1.78
2019-05-03,1.8
2019-05-06,1.81
2019-05-07,1.76
2019-05-08,1.75
2019-05-09,1.73
2019-05-10,1.75
2019-05-13,1.73
2019-05-14,1.75
2019-05-15,1.74
2019-05-16,1.75
2019-05-17,1.71
2019-05-20,1.71
2019-05-21,1.72
2019-05-22,1.68
2019-05-23,1.62
2019-05-24,1.62
2019-05-27,.
2019-05-28,1.58
2019-05-29,1.59
2019-05-30,1.59
2019-05-31,1.58
2019-06-03,1.56
2019-06-04,1.59
2019-06-05,1.59
2019-06-06,1.58
2019-06-07,1.61
2019-06-10,1.6
2019-06-11,1.57
2019-06-12,1.53
2019-06-13,1.51
2019-06-14,1.48
2019-06-17,1.45
2019-06-18,1.49
2019-06-19,1.53
2019-06-20,1.58
2019-06-21,1.6
2019-06-24,1.57
2019-06-25,1.52
2019-06-26,1.56
2019-06-27,1.53
2019-06-28,1.53
2019-07-01,1.53
2019-07-02,1.5
2019-07-03,1.51
2019-07-04,.
2019-07-05,1.55
2019-07-08,1.55
2019-07-09,1.56
2019-07-10,1.59
2019-07-11,1.63
2019-07-12,1.62
2019-07-15,1.61
2019-07-16,1.63
2019-07-17,1.6
2019-07-18,1.6
2019-07-19,1.6
2019-07-22,1.59
2019-07-23,1.61
2019-07-24,1.59
2019-07-25,1.6
2019-07-26,1.57
2019-07-29,1.57
2019-07-30,1.58
2019-07-31,1.56
2019-08-01,1.47
2019-08-02,1.45
2019-08-05,1.39
2019-08-06,1.4
2019-08-07,1.38
2019-08-08,1.43
2019-08-09,1.44
2019-08-12,1.39
2019-08-13,1.44
2019-08-14,1.36
2019-08-15,1.34
2019-08-16,1.34
2019-08-19,1.36
2019-08-20,1.34
2019-08-21,1.34
2019-08-22,1.35
2019-08-23,1.35
2019-08-26,1.34
2019-08-27,1.36
2019-08-28,1.36
2019-08-29,1.39
2019-08-30,1.35
2019-09-02,.
2019-09-03,1.29
2019-09-04,1.31
2019-09-05,1.35
2019-09-06,1.35
2019-09-09,1.38
2019-09-10,1.4
2019-09-11,1.4
2019-09-12,1.43
2019-09-13,1.46
2019-09-16,1.48
2019-09-17,1.46
2019-09-18,1.4
2019-09-19,1.41
2019-09-20,1.42
2019-09-23,1.42
2019-09-24,1.39
2019-09-25,1.41
2019-09-26,1.4
2019-09-27,1.36
2019-09-30,1.35
2019-10-01,1.33
2019-10-02,1.29
2019-10-03,1.25
2019-10-04,1.27
2019-10-07,1.27
2019-10-08,1.25
2019-10-09,1.24
2019-10-10,1.29
2019-10-11,1.34
2019-10-14,.
2019-10-15,1.33
2019-10-16,1.35
2019-10-17,1.52
2019-10-18,1.52
2019-10-21,1.53
2019-10-22,1.53
2019-10-23,1.52
2019-10-24,1.52
2019-10-25,1.55
2019-10-28,1.53
2019-10-29,1.51
2019-10-30,1.47
2019-10-31,1.44
2019-11-01,1.5
2019-11-04,1.56
2019-11-05,1.58
2019-11-06,1.57
2019-11-07,1.61
2019-11-08,1.63
2019-11-11,.
2019-11-12,1.6
2019-11-13,1.58
2019-11-14,1.54
2019-11-15,1.52
2019-11-18,1.54
2019-11-19,1.53
2019-11-20,1.51
2019-11-21,1.53
2019-11-22,1.53
2019-11-25,1.53
2019-11-26,1.52
2019-11-27,1.54
2019-11-28,.
2019-11-29,1.5
2019-12-02,1.54
2019-12-03,1.51
2019-12-04,1.54
2019-12-05,1.55
2019-12-06,1.59
2019-12-09,1.59
2019-12-10,1.59
2019-12-11,1.6
2019-12-12,1.62
2019-12-13,1.62
2019-12-16,1.64
2019-12-17,1.65
2019-12-18,1.68
2019-12-19,1.68
2019-12-20,1.67
2019-12-23,1.67
2019-12-24,1.67
2019-12-25,.
2019-12-26,1.66
2019-12-27,1.64
2019-12-30,1.66
2019-12-31,1.68
2020-01-01,.
2020-01-02,1.72
2020-01-03,1.69
2020-01-06,1.69
2020-01-07,1.67
2020-01-08,1.68
2020-01-09,1.67
2020-01-10,1.67
2020-01-13,1.7
2020-01-14,1.7
2020-01-15,1.67
2020-01-16,1.68
2020-01-17,1.68
2020-01-20,.
2020-01-21,1.66
2020-01-22,1.64
2020-01-23,1.64
2020-01-24,1.62
2020-01-27,1.56
2020-01-28,1.59
2020-01-29,1.58
2020-01-30,1.59
2020-01-31,1.6
2020-02-03,1.56
2020-02-04,1.58
2020-02-05,1.61
2020-02-06,1.61
2020-02-07,1.61
2020-02-10,1.62
2020-02-11,1.6
2020-02-12,1.64
2020-02-13,1.65
2020-02-14,1.64
2020-02-17,.
2020-02-18,1.64
2020-02-19,1.65
2020-02-20,1.63
2020-02-21,1.6
2020-02-24,1.57
2020-02-25,1.52
2020-02-26,1.5
2020-02-27,1.48
2020-02-28,1.33
2020-03-02,1.32
2020-03-03,1.34
2020-03-04,1.34
2020-03-05,1.28
2020-03-06,1.14
2020-03-09,0.8
2020-03-10,0.77
2020-03-11,0.69
2020-03-12,0.63
2020-03-13,0.53
2020-03-16,0.3
2020-03-17,0.16
2020-03-18,0.16
2020-03-19,0.14
2020-03-20,0.31
2020-03-23,0.37
2020-03-24,0.55
2020-03-25,0.69
2020-03-26,0.72
2020-03-27,0.54
2020-03-30,0.57
2020-03-31,0.49
2020-04-01,0.56
2020-04-02,0.73
2020-04-03,0.78
2020-04-06,0.85
2020-04-07,0.86
2020-04-08,0.87
2020-04-09,0.9
2020-04-10,.
2020-04-13,0.94
2020-04-14,0.94
2020-04-15,0.87
2020-04-16,0.7
2020-04-17,0.67
2020-04-20,0.56
2020-04-21,0.58
2020-04-22,0.69
2020-04-23,0.67
2020-04-24,0.72
2020-04-27,0.78
2020-04-28,0.76
2020-04-29,0.78
2020-04-30,0.72
2020-05-01,0.68
2020-05-04,0.69
2020-05-05,0.71
2020-05-06,0.71
2020-05-07,0.7
2020-05-08,0.74
2020-05-11,0.75
2020-05-12,0.72
2020-05-13,0.71
2020-05-14,0.71
2020-05-15,0.75
2020-05-18,0.84
2020-05-19,0.82
2020-05-20,0.83
2020-05-21,0.81
2020-05-22,0.8
2020-05-25,.
2020-05-26,0.82
2020-05-27,0.82
2020-05-28,0.86
2020-05-29,0.83
2020-06-01,0.84
2020-06-02,0.84
2020-06-03,0.88
2020-06-04,0.88
2020-06-05,0.95
2020-06-08,0.98
2020-06-09,0.98
2020-06-10,1.0
2020-06-11,0.95
2020-06-12,0.95
2020-06-15,0.98
2020-06-16,1.02
2020-06-17,1.01
2020-06-18,1.12
2020-06-19,1.06
2020-06-22,1.11
2020-06-23,1.14
2020-06-24,1.1
2020-06-25,1.11
2020-06-26,1.11
2020-06-29,1.14
2020-06-30,1.16
2020-07-01,1.17
2020-07-02,1.21
2020-07-03,.
2020-07-06,1.28
2020-07-07,1.26
2020-07-08,1.25
2020-07-09,1.22
2020-07-10,1.25
2020-07-13,1.27
2020-07-14,1.27
2020-07-15,1.28
2020-07-16,1.3
2020-07-17,1.35
2020-07-20,1.37
2020-07-21,1.4
2020-07-22,1.4
2020-07-23,1.37
2020-07-24,1.35
2020-07-27,1.38
2020-07-28,1.36
2020-07-29,1.38
2020-07-30,1.37
2020-07-31,1.4
2020-08-03,1.46
2020-08-04,1.45
2020-08-05,1.52
2020-08-06,1.53
2020-08-07,1.5
2020-08-10,1.49
2020-08-11,1.5
2020-08-12,1.56
2020-08-13,1.56
2020-08-14,1.53
2020-08-17,1.54
2020-08-18,1.55
2020-08-19,1.55
2020-08-20,1.48
2020-08-21,1.52
2020-08-24,1.57
2020-08-25,1.6
2020-08-26,1.63
2020-08-27,1.65
2020-08-28,1.68
2020-08-31,1.69
2020-09-01,1.65
2020-09-02,1.61
2020-09-03,1.53
2020-09-04,1.57
2020-09-07,.
2020-09-08,1.55
2020-09-09,1.57
2020-09-10,1.54
2020-09-11,1.53
2020-09-14,1.54
2020-09-15,1.54
2020-09-16,1.57
2020-09-17,1.57
2020-09-18,1.58
2020-09-21,1.5
2020-09-22,1.5
2020-09-23,1.48
2020-09-24,1.45
2020-09-25,1.43
2020-09-28,1.48
2020-09-29,1.49
2020-09-30,1.5
2020-10-01,1.48
2020-10-02,1.48
2020-10-05,1.52
2020-10-06,1.51
2020-10-07,1.54
2020-10-08,1.56
2020-10-09,1.56
2020-10-12,.
2020-10-13,1.52
2020-10-14,1.52
2020-10-15,1.52
2020-10-16,1.53
2020-10-19,1.53
2020-10-20,1.53
2020-10-21,1.56
2020-10-22,1.68
2020-10-23,1.66
2020-10-26,1.63
2020-10-27,1.64
2020-10-28,1.61
2020-10-29,1.61
2020-10-30,1.59
2020-11-02,1.6
2020-11-03,1.62
2020-11-04,1.56
2020-11-05,1.55
2020-11-06,1.54
2020-11-09,1.63
2020-11-10,1.69
2020-11-11,.
2020-11-12,1.63
2020-11-13,1.64
2020-11-16,1.64
2020-11-17,1.63
2020-11-18,1.63
2020-11-19,1.62
2020-11-20,1.61
2020-11-23,1.62
2020-11-24,1.65
2020-11-25,1.67
2020-11-26,.
2020-11-27,1.67
2020-11-30,1.68
2020-12-01,1.72
2020-12-02,1.76
2020-12-03,1.78
2020-12-04,1.83
2020-12-07,1.84
2020-12-08,1.84
2020-12-09,1.84
2020-12-10,1.83
2020-12-11,1.82
2020-12-14,1.84
2020-12-15,1.86
2020-12-16,1.9
2020-12-17,1.9
2020-12-18,1.92
2020-12-21,1.9
2020-12-22,1.92
2020-12-23,1.93
2020-12-24,1.92
2020-12-25,.
2020-12-28,1.92
2020-12-29,1.9
2020-12-30,1.92
2020-12-31,1.95
2021-01-01,.
2021-01-04,1.98
2021-01-05,2.01
2021-01-06,2.04
2021-01-07,2.09
2021-01-08,2.07
2021-01-11,2.04
2021-01-12,2.06
2021-01-13,2.04
2021-01-14,2.09
2021-01-15,2.09
2021-01-18,.
2021-01-19,2.12
2021-01-20,2.15
2021-01-21,2.18
2021-01-22,2.16
2021-01-25,2.15
2021-01-26,2.15
2021-01-27,2.15
2021-01-28,2.18
2021-01-29,2.21
2021-02-01,2.18
2021-02-02,2.23
2021-02-03,2.27
2021-02-04,2.25
2021-02-05,2.28
2021-02-08,2.31
2021-02-09,2.31
2021-02-10,2.31
2021-02-11,2.32
2021-02-12,2.35
2021-02-15,.
2021-02-16,2.37
2021-02-17,2.35
2021-02-18,2.29
2021-02-19,2.29
2021-02-22,2.35
2021-02-23,2.35
2021-02-24,2.38
2021-02-25,2.34
2021-02-26,2.39
2021-03-01,2.4
2021-03-02,2.43
2021-03-03,2.45
2021-03-04,2.43
2021-03-05,2.43
2021-03-08,2.42
2021-03-09,2.41
2021-03-10,2.47
2021-03-11,2.51
2021-03-12,2.51
2021-03-15,2.54
2021-03-16,2.59
2021-03-17,2.58
2021-03-18,2.5
2021-03-19,2.51
2021-03-22,2.51
2021-03-23,2.48
2021-03-24,2.53
2021-03-25,2.54
2021-03-26,2.57
2021-03-29,2.56
2021-03-30,2.52
2021-03-31,2.54
2021-04-01,2.55
2021-04-02,2.58
2021-04-05,2.55
2021-04-06,2.52
2021-04-07,2.53
2021-04-08,2.55
2021-04-09,2.51
2021-04-12,2.52
2021-04-13,2.54
2021-04-14,2.56
2021-04-15,2.55
2021-04-16,2.57
2021-04-19,2.56
2021-04-20,2.52
2021-04-21,2.53
2021-04-22,2.42
2021-04-23,2.44
2021-04-26,2.47
2021-04-27,2.51
2021-04-28,2.54
2021-04-29,2.56
2021-04-30,2.57
2021-05-03,2.6
2021-05-04,2.62
2021-05-05,2.68
2021-05-06,2.66
2021-05-07,2.65
2021-05-10,2.71
2021-05-11,2.68
2021-05-12,2.72
2021-05-13,2.65
2021-05-14,2.68
2021-05-17,2.72
2021-05-18,2.72
2021-05-19,2.66
2021-05-20,2.59
2021-05-21,2.62
2021-05-24,2.64
2021-05-25,2.63
2021-05-26,2.6
2021-05-27,2.59
2021-05-28,2.57
2021-05-31,.
2021-06-01,2.6
2021-06-02,2.59
2021-06-03,2.56
2021-06-04,2.54
2021-06-07,2.51
2021-06-08,2.47
2021-06-09,2.41
2021-06-10,2.47
2021-06-11,2.43
2021-06-14,2.44
2021-06-15,2.46
2021-06-16,2.41
2021-06-17,2.31
2021-06-18,2.37
2021-06-21,2.41
2021-06-22,2.46
2021-06-23,2.49
2021-06-24,2.45
2021-06-25,2.46
2021-06-28,2.45
2021-06-29,2.46
2021-06-30,2.47
2021-07-01,2.49
2021-07-02,2.49
2021-07-05,.
2021-07-06,2.48
2021-07-07,2.43
2021-07-08,2.38
2021-07-09,2.44
2021-07-12,2.48
2021-07-13,2.56
2021-07-14,2.53
2021-07-15,2.53
2021-07-16,2.52
2021-07-19,2.41
2021-07-20,2.4
2021-07-21,2.45
2021-07-22,2.46
2021-07-23,2.53
2021-07-26,2.59
2021-07-27,2.55
2021-07-28,2.57
2021-07-29,2.58
2021-07-30,2.56
2021-08-02,2.51
2021-08-03,2.51
2021-08-04,2.5
2021-08-05,2.46
2021-08-06,2.5
2021-08-09,2.5
2021-08-10,2.53
2021-08-11,2.55
2021-08-12,2.55
2021-08-13,2.52
2021-08-16,2.5
2021-08-17,2.49
2021-08-18,2.48
2021-08-19,2.45
2021-08-20,2.4
2021-08-23,2.43
2021-08-24,2.45
2021-08-25,2.51
2021-08-26,2.5
2021-08-27,2.53
2021-08-30,2.51
2021-08-31,2.48
2021-09-01,2.48
2021-09-02,2.47
2021-09-03,2.48
2021-09-06,.
2021-09-07,2.51
2021-09-08,2.53
2021-09-09,2.55
2021-09-10,2.55
2021-09-13,2.53
2021-09-14,2.49
2021-09-15,2.51
2021-09-16,2.53
2021-09-17,2.51
2021-09-20,2.43
2021-09-21,2.44
2021-09-22,2.41
2021-09-23,2.48
2021-09-24,2.47
2021-09-27,2.5
2021-09-28,2.53
2021-09-29,2.52
2021-09-30,2.51
2021-10-01,2.51
2021-10-04,2.53
2021-10-05,2.59
2021-10-06,2.57
2021-10-07,2.61
2021-10-08,2.64
2021-10-11,.
2021-10-12,2.64
2021-10-13,2.68
2021-10-14,2.69
2021-10-15,2.71
2021-10-18,2.71
2021-10-19,2.71
2021-10-20,2.77
2021-10-21,2.94
2021-10-22,2.91
2021-10-25,2.95
2021-10-26,2.99
2021-10-27,2.96
2021-10-28,2.9
2021-10-29,2.89
2021-11-01,2.86
2021-11-02,2.84
2021-11-03,2.86
2021-11-04,2.88
2021-11-05,2.87
2021-11-08,2.94
2021-11-09,2.96
2021-11-10,3.08
2021-11-11,.
2021-11-12,3.11
2021-11-15,3.17
2021-11-16,3.17
2021-11-17,3.14
2021-11-18,3.11
2021-11-19,3.02
2021-11-22,2.98
2021-11-23,3.0
2021-11-24,3.03
2021-11-25,.
2021-11-26,2.92
2021-11-29,2.91
2021-11-30,2.8
2021-12-01,2.7
2021-12-02,2.73
2021-12-03,2.72
2021-12-06,2.79
2021-12-07,2.84
2021-12-08,2.88
2021-12-09,2.8
2021-12-10,2.76
2021-12-13,2.73
2021-12-14,2.66
2021-12-15,2.67
2021-12-16,2.7
2021-12-17,2.65
2021-12-20,2.65
2021-12-21,2.69
2021-12-22,2.7
2021-12-23,2.72
2021-12-24,.
2021-12-27,2.75
2021-12-28,2.78
2021-12-29,2.83
2021-12-30,2.86
2021-12-31,2.87
2022-01-03,2.95
2022-01-04,2.93
2022-01-05,2.87
2022-01-06,2.77
2022-01-07,2.78
2022-01-10,2.77
2022-01-11,2.87
2022-01-12,2.82
2022-01-13,2.77
2022-01-14,2.79
2022-01-17,.
2022-01-18,2.8
2022-01-19,2.73
2022-01-20,2.74
2022-01-21,2.7
2022-01-24,2.74
2022-01-25,2.78
2022-01-26,2.75
2022-01-27,2.76
2022-01-28,2.8
2022-01-31,2.82
2022-02-01,2.8
2022-02-02,2.79
2022-02-03,2.76
2022-02-04,2.78
2022-02-07,2.75
2022-02-08,2.77
2022-02-09,2.78
2022-02-10,2.81
2022-02-11,2.82
2022-02-14,2.91
2022-02-15,2.89
2022-02-16,2.87
2022-02-17,2.87
2022-02-18,2.86
2022-02-21,.
2022-02-22,2.89
2022-02-23,3.01
2022-02-24,3.05
2022-02-25,3.02
2022-02-28,3.11
2022-03-01,3.14
2022-03-02,3.23
2022-03-03,3.17
2022-03-04,3.19
2022-03-07,3.29
2022-03-08,3.43
2022-03-09,3.33
2022-03-10,3.42
2022-03-11,3.52
2022-03-14,3.5
2022-03-15,3.42
2022-03-16,3.34
2022-03-17,3.51
2022-03-18,3.48
2022-03-21,3.52
2022-03-22,3.52
2022-03-23,3.57
2022-03-24,3.57
2022-03-25,3.59
2022-03-28,3.56
2022-03-29,3.4
2022-03-30,3.41
2022-03-31,3.34
2022-04-01,3.28
2022-04-04,3.28
2022-04-05,3.31
2022-04-06,3.28
2022-04-07,3.26
2022-04-08,3.33
2022-04-11,3.37
2022-04-12,3.31
2022-04-13,3.25
2022-04-14,3.33
2022-04-15,.
2022-04-18,3.36
2022-04-19,3.36
2022-04-20,3.36
2022-04-21,3.37
2022-04-22,3.37
2022-04-25,3.27
2022-04-26,3.25
2022-04-27,3.28
2022-04-28,3.39
2022-04-29,3.3
2022-05-02,3.21
2022-05-03,3.21
2022-05-04,3.24
2022-05-05,3.23
2022-05-06,3.22
2022-05-09,3.06
2022-05-10,2.92
2022-05-11,3.0
2022-05-12,2.89
2022-05-13,3.03
2022-05-16,3.04
2022-05-17,3.08
2022-05-18,3.05
2022-05-19,2.97
2022-05-20,2.88
2022-05-23,2.92
2022-05-24,2.87
2022-05-25,2.88
2022-05-26,2.96
2022-05-27,2.95
2022-05-30,.
2022-05-31,2.96
2022-06-01,2.96
2022-06-02,2.97
2022-06-03,3.04
2022-06-06,3.05
2022-06-07,3.03
2022-06-08,3.06
2022-06-09,3.08
2022-06-10,3.13
2022-06-13,3.11
2022-06-14,2.88
2022-06-15,3.0
2022-06-16,2.87
2022-06-17,2.8
2022-06-20,.
2022-06-21,2.84
2022-06-22,2.74
2022-06-23,2.69
2022-06-24,2.82
2022-06-27,2.79
2022-06-28,2.73
2022-06-29,2.59
2022-06-30,2.58
2022-07-01,2.6
2022-07-04,.
2022-07-05,2.51
2022-07-06,2.48
2022-07-07,2.53
2022-07-08,2.62
2022-07-11,2.56
2022-07-12,2.5
2022-07-13,2.51
2022-07-14,2.54
2022-07-15,2.59
2022-07-18,2.63
2022-07-19,2.67
2022-07-20,2.67
2022-07-21,2.55
2022-07-22,2.56
2022-07-25,2.58
2022-07-26,2.56
2022-07-27,2.61
2022-07-28,2.67
2022-07-29,2.73
2022-08-01,2.72
2022-08-02,2.69
2022-08-03,2.72
2022-08-04,2.64
2022-08-05,2.64
2022-08-08,2.65
2022-08-09,2.66
2022-08-10,2.61
2022-08-11,2.67
2022-08-12,2.67
2022-08-15,2.62
2022-08-16,2.61
2022-08-17,2.65
2022-08-18,2.7
2022-08-19,2.72
2022-08-22,2.74
2022-08-23,2.77
2022-08-24,2.79
2022-08-25,2.77
2022-08-26,2.73
2022-08-29,2.71
2022-08-30,2.67
2022-08-31,2.58
2022-09-01,2.52
2022-09-02,2.55
2022-09-05,.
2022-09-06,2.56
2022-09-07,2.51
2022-09-08,2.46
2022-09-09,2.51
2022-09-12,2.52
2022-09-13,2.56
2022-09-14,2.62
2022-09-15,2.57
2022-09-16,2.49
2022-09-19,2.44
2022-09-20,2.48
2022-09-21,2.47
2022-09-22,2.45
2022-09-23,2.38
2022-09-26,2.33
2022-09-27,2.35
2022-09-28,2.37
2022-09-29,2.18
2022-09-30,2.14
2022-10-03,2.26
2022-10-04,2.28
2022-10-05,2.26
2022-10-06,2.29
2022-10-07,2.36
2022-10-10,.
2022-10-11,2.36
2022-10-12,2.32
2022-10-13,2.38
2022-10-14,2.44
2022-10-17,2.48
2022-10-18,2.42
2022-10-19,2.46
2022-10-20,2.65
2022-10-21,2.69
2022-10-24,2.72
2022-10-25,2.62
2022-10-26,2.56
2022-10-27,2.57
2022-10-28,2.62
2022-10-31,2.67
2022-11-01,2.65
2022-11-02,2.68
2022-11-03,2.54
2022-11-04,2.61
2022-11-07,2.67
2022-11-08,2.61
2022-11-09,2.53
2022-11-10,2.47
2022-11-11,.
2022-11-14,2.42
2022-11-15,2.4
2022-11-16,2.35
2022-11-17,2.32
2022-11-18,2.28
2022-11-21,2.34
2022-11-22,2.35
2022-11-23,2.33
2022-11-24,.
2022-11-25,2.34
2022-11-28,2.29
2022-11-29,2.3
2022-11-30,2.41
2022-12-01,2.45
2022-12-02,2.51
2022-12-05,2.46
2022-12-06,2.38
2022-12-07,2.33
2022-12-08,2.36
2022-12-09,2.3
2022-12-12,2.35
2022-12-13,2.31
2022-12-14,2.25
2022-12-15,2.21
2022-12-16,2.14
2022-12-19,2.19
2022-12-20,2.26
2022-12-21,2.31
2022-12-22,2.24
2022-12-23,2.29
2022-12-26,.
2022-12-27,2.33
2022-12-28,2.33
2022-12-29,2.32
2022-12-30,2.33
2023-01-02,.
2023-01-03,2.29
2023-01-04,2.21
2023-01-05,2.22
2023-01-06,2.18
2023-01-09,2.18
2023-01-10,2.2
2023-01-11,2.21
2023-01-12,2.21
2023-01-13,2.2
2023-01-16,.
2023-01-17,2.18
2023-01-18,2.09
2023-01-19,2.21
2023-01-20,2.23
2023-01-23,2.28
2023-01-24,2.29
2023-01-25,2.28
2023-01-26,2.32
2023-01-27,2.33
2023-01-30,2.3
2023-01-31,2.27
2023-02-01,2.29
2023-02-02,2.26
2023-02-03,2.27
2023-02-06,2.33
2023-02-07,2.4
2023-02-08,2.46
2023-02-09,2.45
2023-02-10,2.47
2023-02-13,2.44
2023-02-14,2.45
2023-02-15,2.51
2023-02-16,2.52
2023-02-17,2.5
2023-02-20,.
2023-02-21,2.58
2023-02-22,2.52
2023-02-23,2.5
2023-02-24,2.47
2023-02-27,2.49
2023-02-28,2.58
2023-03-01,2.59
2023-03-02,2.65
2023-03-03,2.71
2023-03-06,2.7
2023-03-07,2.54
2023-03-08,2.47
2023-03-09,2.43
2023-03-10,2.34
2023-03-13,2.26
2023-03-14,2.35
2023-03-15,2.33
2023-03-16,2.26
2023-03-17,2.1
2023-03-20,2.14
2023-03-21,2.25
2023-03-22,2.31
2023-03-23,2.26
2023-03-24,2.21
2023-03-27,2.27
2023-03-28,2.34
2023-03-29,2.38
2023-03-30,2.4
2023-03-31,2.4
2023-04-03,2.39
2023-04-04,2.32
2023-04-05,2.29
2023-04-06,2.31
2023-04-07,2.33
2023-04-10,2.34
2023-04-11,2.36
2023-04-12,2.29
2023-04-13,2.29
2023-04-14,2.31
2023-04-17,2.35
2023-04-18,2.33
2023-04-19,2.33
2023-04-20,2.28
2023-04-21,2.3
2023-04-24,2.33
2023-04-25,2.26
2023-04-26,2.26
2023-04-27,2.29
2023-04-28,2.2
2023-05-01,2.24
2023-05-02,2.18
2023-05-03,2.19
2023-05-04,2.13
2023-05-05,2.19
2023-05-08,2.22
2023-05-09,2.22
2023-05-10,2.13
2023-05-11,2.1
2023-05-12,2.11
2023-05-15,2.12
2023-05-16,2.11
2023-05-17,2.16
2023-05-18,2.16
2023-05-19,2.19
2023-05-22,2.18
2023-05-23,2.21
2023-05-24,2.14
2023-05-25,2.12
2023-05-26,2.13
2023-05-29,.
2023-05-30,2.12
2023-05-31,2.07
2023-06-01,2.07
2023-06-02,2.13
2023-06-05,2.15
2023-06-06,2.14
2023-06-07,2.15
2023-06-08,2.14
2023-06-09,2.13
2023-06-12,2.09
2023-06-13,2.12
2023-06-14,2.15
2023-06-15,2.16
2023-06-16,2.17
2023-06-19,.
2023-06-20,2.14
2023-06-21,2.15
2023-06-22,2.18
2023-06-23,2.16
2023-06-26,2.13
2023-06-27,2.12
2023-06-28,2.12
2023-06-29,2.15
2023-06-30,2.18
2023-07-03,2.21
2023-07-04,.
2023-07-05,2.2
2023-07-06,2.22
2023-07-07,2.22
2023-07-10,2.19
2023-07-11,2.16
2023-07-12,2.18
2023-07-13,2.16
2023-07-14,2.15
2023-07-17,2.16
2023-07-18,2.13
2023-07-19,2.13
2023-07-20,2.21
2023-07-21,2.23
2023-07-24,2.28
2023-07-25,2.26
2023-07-26,2.24
2023-07-27,2.27
2023-07-28,2.28
2023-07-31,2.27
2023-08-01,2.26
2023-08-02,2.25
2023-08-03,2.24
2023-08-04,2.26
2023-08-07,2.29
2023-08-08,2.24
2023-08-09,2.23
2023-08-10,2.25
2023-08-11,2.3
2023-08-14,2.29
2023-08-15,2.24
2023-08-16,2.23
2023-08-17,2.24
2023-08-18,2.22
2023-08-21,2.25
2023-08-22,2.27
2023-08-23,2.26
2023-08-24,2.24
2023-08-25,2.25
2023-08-28,2.21
2023-08-29,2.18
2023-08-30,2.16
2023-08-31,2.15
2023-09-01,2.17
2023-09-04,.
2023-09-05,2.21
2023-09-06,2.23
2023-09-07,2.24
2023-09-08,2.26
2023-09-11,2.26
2023-09-12,2.27
2023-09-13,2.28
2023-09-14,2.27
2023-09-15,2.27
2023-09-18,2.29
2023-09-19,2.3
2023-09-20,2.27
2023-09-21,2.29
2023-09-22,2.29
2023-09-25,2.25
2023-09-26,2.2
2023-09-27,2.23
2023-09-28,2.27
2023-09-29,2.22
2023-10-02,2.23
2023-10-03,2.21
2023-10-04,2.18
2023-10-05,2.14
2023-10-06,2.17
2023-10-09,.
2023-10-10,2.18
2023-10-11,2.2
2023-10-12,2.23
2023-10-13,2.26
2023-10-16,2.3
2023-10-17,2.32
2023-10-18,2.35
2023-10-19,2.52
2023-10-20,2.47
2023-10-23,2.41
2023-10-24,2.38
2023-10-25,2.4
2023-10-26,2.37
2023-10-27,2.39
2023-10-30,2.4
2023-10-31,2.4
2023-11-01,2.36
2023-11-02,2.35
2023-11-03,2.32
2023-11-06,2.35
2023-11-07,2.32
2023-11-08,2.29
2023-11-09,2.3
2023-11-10,2.28
2023-11-13,2.29
2023-11-14,2.23
2023-11-15,2.24
2023-11-16,2.2
2023-11-17,2.23
2023-11-20,2.26
2023-11-21,2.19
2023-11-22,2.21
2023-11-23,.
2023-11-24,2.21
2023-11-27,2.12
2023-11-28,2.15
2023-11-29,2.14
2023-11-30,2.15
2023-12-01,2.12
2023-12-04,2.13
2023-12-05,2.09
2023-12-06,2.05
2023-12-07,2.06
2023-12-08,2.11
2023-12-11,2.11
2023-12-12,2.08
2023-12-13,2.08
2023-12-14,2.18
2023-12-15,2.17
2023-12-18,2.18
2023-12-19,2.17
2023-12-20,2.16
2023-12-21,2.18
2023-12-22,2.16
2023-12-25,.
2023-12-26,2.17
2023-12-27,2.12
2023-12-28,2.11
2023-12-29,2.12
2024-01-01,.
